UNIQUEID,DISBURSED_AMOUNT,ASSET_COST,LTV,BRANCH_ID,SUPPLIER_ID,MANUFACTURER_ID,CURRENT_PINCODE_ID,DATE_OF_BIRTH,EMPLOYMENT_TYPE,DISBURSAL_DATE,STATE_ID,EMPLOYEE_CODE_ID,MOBILENO_AVL_FLAG,AADHAR_FLAG,PAN_FLAG,VOTERID_FLAG,DRIVING_FLAG,PASSPORT_FLAG,PERFORM_CNS_SCORE,PERFORM_CNS_SCORE_DESCRIPTION,PRI_NO_OF_ACCTS,PRI_ACTIVE_ACCTS,PRI_OVERDUE_ACCTS,PRI_CURRENT_BALANCE,PRI_SANCTIONED_AMOUNT,PRI_DISBURSED_AMOUNT,SEC_NO_OF_ACCTS,SEC_ACTIVE_ACCTS,SEC_OVERDUE_ACCTS,SEC_CURRENT_BALANCE,SEC_SANCTIONED_AMOUNT,SEC_DISBURSED_AMOUNT,PRIMARY_INSTAL_AMT,SEC_INSTAL_AMT,NEW_ACCTS_IN_LAST_SIX_MONTHS,DELINQUENT_ACCTS_IN_LAST_SIX_MONTHS,AVERAGE_ACCT_AGE,CREDIT_HISTORY_LENGTH,NO_OF_INQUIRIES,LOAN_DEFAULT
420825,50578,58400,89.55,67,22807,45,1441,01.01.1984,Salaried,03.08.2018,6,1998,1,1,0,0,0,0,0,No Bureau History Available,0,0,0,0,0,0,0,0,0,0,0,0,0,0,0,0,0yrs 0mon,0yrs 0mon,0,0
537409,47145,65550,73.23,67,22807,45,1502,31.07.1985,Self employed,26.09.2018,6,1998,1,1,0,0,0,0,598,I-Medium Risk,1,1,1,27600,50200,50200,0,0,0,0,0,0,1991,0,0,1,1yrs 11mon,1yrs 11mon,0,1
417566,53278,61360,89.63,67,22807,45,1497,24.08.1985,Self employed,01.08.2018,6,1998,1,1,0,0,0,0,0,No Bureau History Available,0,0,0,0,0,0,0,0,0,0,0,0,0,0,0,0,0yrs 0mon,0yrs 0mon,0,0
624493,57513,66113,88.48,67,22807,45,1501,30.12.1993,Self employed,26.10.2018,6,1998,1,1,0,0,0,0,305,L-Very High Risk,3,0,0,0,0,0,0,0,0,0,0,0,31,0,0,0,0yrs 8mon,1yrs 3mon,1,1
539055,52378,60300,88.39,67,22807,45,1495,09.12.1977,Self employed,26.09.2018,6,1998,1,1,0,0,0,0,0,No Bureau History Available,0,0,0,0,0,0,0,0,0,0,0,0,0,0,0,0,0yrs 0mon,0yrs 0mon,1,1
518279,54513,61900,89.66,67,22807,45,1501,08.09.1990,Self employed,19.09.2018,6,1998,1,1,0,0,0,0,825,A-Very Low Risk,2,0,0,0,0,0,0,0,0,0,0,0,1347,0,0,0,1yrs 9mon,2yrs 0mon,0,0
529269,46349,61500,76.42,67,22807,45,1502,01.06.1988,Salaried,23.09.2018,6,1998,1,1,0,0,0,0,0,No Bureau History Available,0,0,0,0,0,0,0,0,0,0,0,0,0,0,0,0,0yrs 0mon,0yrs 0mon,0,0
510278,43894,61900,71.89,67,22807,45,1501,04.10.1989,Salaried,16.09.2018,6,1998,1,1,0,0,0,0,17,Not Scored: Not Enough Info available on the customer,1,1,0,72879,74500,74500,0,0,0,0,0,0,0,0,0,0,0yrs 2mon,0yrs 2mon,0,0
490213,53713,61973,89.56,67,22807,45,1497,15.11.1991,Self employed,05.09.2018,6,1998,1,1,0,0,0,0,718,D-Very Low Risk,1,1,0,-41,365384,365384,0,0,0,0,0,0,0,0,0,0,4yrs 8mon,4yrs 8mon,1,0
510980,52603,61300,86.95,67,22807,45,1492,01.06.1968,Salaried,16.09.2018,6,1998,1,0,0,1,0,0,818,A-Very Low Risk,1,0,0,0,0,0,0,0,0,0,0,0,2608,0,0,0,1yrs 7mon,1yrs 7mon,0,0
548567,53278,61230,89.83,67,22807,45,1493,01.01.1979,Self employed,29.09.2018,6,1998,1,1,0,0,0,0,300,M-Very High Risk,1,0,0,0,0,0,0,0,0,0,0,0,2270,0,0,0,0yrs 7mon,0yrs 7mon,0,1
486821,64769,74190,89.23,67,22807,45,1446,07.09.1984,Salaried,03.09.2018,6,1998,1,1,0,0,0,0,786,B-Very Low Risk,3,2,0,676,36154,23374,0,0,0,0,0,0,0,0,0,0,2yrs 1mon,2yrs 3mon,1,0
478647,53278,61330,89.68,67,22807,45,1497,01.06.1974,Salaried,30.08.2018,6,1998,1,0,0,1,0,0,300,M-Very High Risk,7,2,1,0,69900,69900,0,0,0,0,0,0,3300,0,0,0,1yrs 3mon,2yrs 9mon,0,1
479533,49478,57010,89.46,67,22807,45,1497,16.08.1984,Salaried,30.08.2018,6,1998,1,1,0,0,0,0,738,C-Very Low Risk,10,5,0,79750,187000,187000,0,0,0,0,0,0,23309,0,1,0,1yrs 0mon,2yrs 1mon,4,1
483869,49278,57080,89.35,67,22807,45,1495,18.02.1973,Self employed,31.08.2018,6,1998,1,1,0,0,0,0,300,M-Very High Risk,5,5,3,95597,179252,179252,0,0,0,0,0,0,3514,0,0,0,3yrs 11mon,7yrs 2mon,0,1
600655,47549,61400,79.8,67,22807,45,1440,05.07.1994,Salaried,22.10.2018,6,1998,1,0,0,1,0,0,17,Not Scored: Not Enough Info available on the customer,1,0,0,0,0,0,0,0,0,0,0,0,7900,0,1,0,0yrs 1mon,0yrs 1mon,0,1
513916,57713,65750,89.28,67,22807,45,1440,01.06.1976,Self employed,18.09.2018,6,1998,1,1,0,0,0,0,300,M-Very High Risk,6,4,2,29069,1067200,1067200,0,0,0,0,0,0,47100,0,1,1,2yrs 6mon,5yrs 6mon,0,0
522020,53503,62100,87.28,67,22807,45,1498,27.02.1983,Self employed,20.09.2018,6,1998,1,1,0,0,0,0,688,E-Low Risk,13,8,0,1076657,2277048,2277048,0,0,0,0,0,0,4982,0,1,0,1yrs 10mon,4yrs 7mon,0,0
492995,70017,86760,82.99,67,22807,45,1479,10.08.1988,Self employed,06.09.2018,6,1998,1,0,0,1,0,0,585,I-Medium Risk,1,0,1,0,0,0,0,0,0,0,0,0,0,0,0,0,1yrs 9mon,1yrs 9mon,0,1
568857,58259,68500,86.13,67,22807,45,1468,16.04.1980,Self employed,11.10.2018,6,1998,1,1,0,0,0,0,615,H-Medium Risk,1,0,0,0,0,0,0,0,0,0,0,0,0,0,0,0,0yrs 11mon,0yrs 11mon,1,1
590630,58013,69650,84.71,67,22807,45,1497,01.11.1978,Self employed,20.10.2018,6,1998,1,1,0,0,0,0,750,C-Very Low Risk,9,1,0,134499,32198,32198,0,0,0,0,0,0,557,0,1,0,0yrs 6mon,0yrs 10mon,1,0
467015,31184,57110,56.91,67,22807,45,1498,29.02.1984,Salaried,27.08.2018,6,1998,1,1,0,0,0,0,801,B-Very Low Risk,7,5,0,1338774,2306289,2291743,0,0,0,0,0,0,11083,0,0,0,2yrs 9mon,5yrs 10mon,2,0
563215,43594,78256,57.5,67,22744,86,1499,14.07.1994,Self employed,08.10.2018,6,1998,1,1,0,0,0,0,0,No Bureau History Available,0,0,0,0,0,0,0,0,0,0,0,0,0,0,0,0,0yrs 0mon,0yrs 0mon,0,0
513139,54513,61900,89.66,67,22807,45,1468,31.05.1979,Self employed,17.09.2018,6,1998,1,0,0,1,0,0,738,C-Very Low Risk,1,1,0,6690,25200,25200,0,0,0,0,0,0,1700,0,0,0,1yrs 3mon,1yrs 3mon,0,0
498082,73123,92900,79.66,67,22807,45,1480,02.01.1989,Self employed,10.09.2018,6,1998,1,1,0,0,0,0,0,No Bureau History Available,0,0,0,0,0,0,0,0,0,0,0,0,0,0,0,0,0yrs 0mon,0yrs 0mon,0,0
586411,55213,68600,83.09,67,22807,45,1494,01.01.1986,Salaried,18.10.2018,6,1998,1,1,0,0,0,0,0,No Bureau History Available,0,0,0,0,0,0,0,0,0,0,0,0,0,0,0,0,0yrs 0mon,0yrs 0mon,0,0
440293,53713,61780,89.83,67,22807,45,1468,02.08.1968,Self employed,16.08.2018,6,1998,1,1,0,0,0,0,0,No Bureau History Available,0,0,0,0,0,0,0,0,0,0,0,0,0,0,0,0,0yrs 0mon,0yrs 0mon,0,1
566763,57713,68040,86.27,67,22807,45,1497,01.01.1976,Self employed,10.10.2018,6,1998,1,1,0,0,0,0,0,No Bureau History Available,0,0,0,0,0,0,0,0,0,0,0,0,0,0,0,0,0yrs 0mon,0yrs 0mon,0,1
605314,57513,65750,88.97,67,22807,45,1497,12.09.1972,Self employed,23.10.2018,6,1998,1,1,0,0,0,0,615,H-Medium Risk,1,0,0,0,0,0,0,0,0,0,0,0,0,0,0,0,3yrs 1mon,3yrs 1mon,1,1
519075,54513,61900,89.66,67,22807,45,1473,27.06.1969,Self employed,19.09.2018,6,1998,1,1,0,0,0,0,730,D-Very Low Risk,5,3,0,101518,162800,162800,0,0,0,0,0,0,8972,0,1,0,2yrs 0mon,5yrs 4mon,0,0
551137,45349,60300,76.29,67,22807,45,1501,01.01.1974,Self employed,30.09.2018,6,1998,1,1,0,0,0,0,758,C-Very Low Risk,5,3,0,909093,1442349,1442349,0,0,0,0,0,0,0,0,0,0,2yrs 0mon,2yrs 9mon,0,0
525983,46549,69518,69.05,67,22744,86,1480,23.05.1990,Salaried,21.09.2018,6,1998,1,1,0,0,0,0,0,No Bureau History Available,0,0,0,0,0,0,0,0,0,0,0,0,0,0,0,0,0yrs 0mon,0yrs 0mon,0,0
501823,57259,70100,82.74,67,22807,45,1497,01.06.1966,Salaried,12.09.2018,6,1998,1,0,0,1,0,0,768,B-Very Low Risk,7,3,0,324323,604845,604845,0,0,0,0,0,0,1219,0,1,0,1yrs 10mon,4yrs 10mon,0,0
451537,42594,60630,72.57,67,22807,45,1497,29.07.1996,Self employed,21.08.2018,6,1998,1,1,0,0,0,0,0,No Bureau History Available,0,0,0,0,0,0,0,0,0,0,0,0,0,0,0,0,0yrs 0mon,0yrs 0mon,0,0
439084,50678,58300,89.88,67,22807,45,1474,01.06.1977,Self employed,14.08.2018,6,1998,1,1,0,0,0,0,0,No Bureau History Available,0,0,0,0,0,0,0,0,0,0,0,0,0,0,0,0,0yrs 0mon,0yrs 0mon,0,0
584660,53078,64280,84.01,67,22807,45,1497,05.10.1993,Self employed,17.10.2018,6,1998,1,1,0,0,0,0,610,H-Medium Risk,1,0,0,0,0,0,0,0,0,0,0,0,2111,0,0,0,0yrs 4mon,0yrs 4mon,1,1
606338,56013,63930,89.16,67,22807,45,1502,22.09.1986,Self employed,23.10.2018,6,1998,1,1,0,0,0,0,653,F-Low Risk,9,6,0,3878357,4015900,4015900,0,0,0,0,0,0,126287,0,4,0,0yrs 11mon,4yrs 0mon,1,1
641415,58013,65838,89.61,67,22807,45,1497,01.01.1991,Self employed,30.10.2018,6,1998,1,1,0,0,0,0,413,K-High Risk,13,3,1,19121,91161,91161,0,0,0,0,0,0,22427,0,0,2,1yrs 1mon,2yrs 1mon,4,0
590213,55759,63100,89.54,67,22807,45,1492,19.06.1977,Self employed,20.10.2018,6,1998,1,1,0,0,0,0,709,D-Very Low Risk,4,3,0,18518,77480,77480,0,0,0,0,0,0,0,0,2,0,1yrs 9mon,3yrs 9mon,4,0
422926,50578,58400,89.55,67,22807,45,1577,16.08.1996,Salaried,06.08.2018,6,1998,1,1,0,0,0,0,0,No Bureau History Available,0,0,0,0,0,0,0,0,0,0,0,0,0,0,0,0,0yrs 0mon,0yrs 0mon,0,1
557071,51303,66450,78.25,67,22807,45,1499,01.06.1969,Salaried,04.10.2018,6,1998,1,1,0,0,0,0,719,D-Very Low Risk,5,2,0,8000,145000,145000,0,0,0,0,0,0,0,0,0,0,1yrs 3mon,2yrs 11mon,0,0
582949,40894,61230,67.78,67,22807,45,1497,07.02.1993,Self employed,16.10.2018,6,1998,1,1,0,0,0,0,0,No Bureau History Available,0,0,0,0,0,0,0,0,0,0,0,0,0,0,0,0,0yrs 0mon,0yrs 0mon,0,0
596436,42894,70600,61.61,67,22807,45,1497,20.06.1982,Self employed,21.10.2018,6,1998,1,1,0,0,0,0,0,No Bureau History Available,0,0,0,0,0,0,0,0,0,0,0,0,0,0,0,0,0yrs 0mon,0yrs 0mon,0,0
507978,64282,74290,89.11,67,22807,45,1474,01.06.1990,Salaried,15.09.2018,6,1998,1,1,0,0,0,0,0,No Bureau History Available,0,0,0,0,0,0,0,0,0,0,0,0,0,0,0,0,0yrs 0mon,0yrs 0mon,0,0
529381,57213,64750,89.88,67,22807,45,1502,27.11.1976,Salaried,23.09.2018,6,1998,1,1,0,0,0,0,16,Not Scored: No Activity seen on the customer (Inactive),1,0,0,0,0,0,0,0,0,0,0,0,0,0,0,0,0yrs 11mon,0yrs 11mon,0,0
480958,68082,79806,87.71,67,22744,86,1504,05.03.1990,Salaried,31.08.2018,6,1998,1,1,0,0,0,0,0,No Bureau History Available,0,0,0,0,0,0,0,0,0,0,0,0,0,0,0,0,0yrs 0mon,0yrs 0mon,0,0
566809,48349,67650,72.43,67,22807,45,1497,15.01.1993,Salaried,10.10.2018,6,1998,1,1,0,0,0,0,15,Not Scored: Sufficient History Not Available,1,1,0,155000,155000,155000,0,0,0,0,0,0,0,0,1,0,0yrs 0mon,0yrs 0mon,1,0
585779,61013,68850,89.76,67,22807,45,1501,01.06.1986,Self employed,17.10.2018,6,1998,1,1,0,0,0,0,701,E-Low Risk,9,2,0,157671,214800,214800,0,0,0,0,0,0,2667,0,0,0,0yrs 5mon,1yrs 8mon,0,1
559601,54078,70000,78.57,67,22807,45,1497,25.03.1974,Salaried,06.10.2018,6,1998,1,1,0,0,0,0,626,H-Medium Risk,4,4,1,2470898,2836417,2836417,0,0,0,0,0,0,29840,0,0,0,2yrs 6mon,5yrs 2mon,1,0
612741,57613,68950,84.99,67,22807,45,1499,14.09.1980,Self employed,24.10.2018,6,1998,1,1,0,0,0,0,717,D-Very Low Risk,1,1,0,3793,49597,49597,0,0,0,0,0,0,1956,0,0,0,2yrs 10mon,2yrs 10mon,1,1
518864,58413,66100,89.86,67,22807,45,1494,01.01.1986,Self employed,19.09.2018,6,1998,1,1,0,0,0,0,0,No Bureau History Available,0,0,0,0,0,0,0,0,0,0,0,0,0,0,0,0,0yrs 0mon,0yrs 0mon,0,0
604357,58459,71200,84.27,67,22807,45,1495,25.04.1971,Salaried,23.10.2018,6,1998,1,1,0,0,0,0,692,E-Low Risk,2,2,0,20865,93201,93201,0,0,0,0,0,0,2000,0,1,0,1yrs 7mon,2yrs 10mon,0,0
468164,49478,57520,88.66,67,22807,45,1497,01.06.1989,Self employed,28.08.2018,6,1998,1,1,0,0,0,0,501,K-High Risk,2,1,1,1959,364800,364800,0,0,0,0,0,0,0,0,0,0,3yrs 9mon,5yrs 4mon,0,1
557082,55513,67950,83.15,67,22807,45,1497,04.06.1994,Salaried,04.10.2018,6,1998,1,1,0,0,0,0,0,No Bureau History Available,0,0,0,0,0,0,0,0,0,0,0,0,0,0,0,0,0yrs 0mon,0yrs 0mon,0,1
503444,53599,66115,84.7,78,17014,45,2071,06.08.1984,Salaried,13.09.2018,4,1646,1,1,0,0,0,0,693,E-Low Risk,10,9,0,3656027,3690603,3690603,0,0,0,0,0,0,28721,0,6,0,0yrs 4mon,1yrs 2mon,3,0
650644,53040,67067,82.73,78,17014,45,2071,19.09.1984,Salaried,31.10.2018,4,1646,1,1,0,0,0,0,0,No Bureau History Available,0,0,0,0,0,0,0,0,0,0,0,0,0,0,0,0,0yrs 0mon,0yrs 0mon,0,1
493777,50475,62413,84.6,78,17014,45,2071,01.01.1995,Salaried,07.09.2018,4,1646,1,1,0,0,0,0,762,B-Very Low Risk,3,1,0,2412,36920,36920,0,0,0,0,0,0,0,0,0,0,1yrs 2mon,1yrs 5mon,0,0
508030,49458,63000,82.54,78,17014,45,2095,28.06.1993,Salaried,15.09.2018,4,1646,1,1,0,0,0,0,0,No Bureau History Available,0,0,0,0,0,0,0,0,0,0,0,0,0,0,0,0,0yrs 0mon,0yrs 0mon,0,0
482553,48693,65500,77.86,78,17014,45,2102,01.01.1976,Salaried,31.08.2018,4,1646,1,1,0,0,0,0,0,No Bureau History Available,0,0,0,0,0,0,0,0,0,0,0,0,0,0,0,0,0yrs 0mon,0yrs 0mon,0,1
460555,48500,59313,83.79,78,17014,45,2070,01.06.1964,Salaried,24.08.2018,4,1646,1,1,0,0,0,0,0,No Bureau History Available,0,0,0,0,0,0,0,0,0,0,0,0,0,0,0,0,0yrs 0mon,0yrs 0mon,0,0
548388,48693,62577,81.5,78,17014,45,2070,10.06.1976,Salaried,29.09.2018,4,1646,1,1,0,0,0,0,0,No Bureau History Available,0,0,0,0,0,0,0,0,0,0,0,0,0,0,0,0,0yrs 0mon,0yrs 0mon,0,0
584610,54273,66855,86.75,78,17014,45,2069,02.09.1978,Salaried,17.10.2018,4,1646,1,1,0,0,0,0,0,No Bureau History Available,0,0,0,0,0,0,0,0,0,0,0,0,0,0,0,0,0yrs 0mon,0yrs 0mon,0,1
529422,43869,62577,71.91,78,17014,45,2099,01.01.1984,Salaried,23.09.2018,4,1646,1,1,0,0,0,0,0,No Bureau History Available,0,0,0,0,0,0,0,0,0,0,0,0,0,0,0,0,0yrs 0mon,0yrs 0mon,0,1
558851,50673,62577,84.7,78,17014,45,2099,01.01.1972,Salaried,05.10.2018,4,1646,1,1,0,0,0,0,0,No Bureau History Available,0,0,0,0,0,0,0,0,0,0,0,0,0,0,0,0,0yrs 0mon,0yrs 0mon,0,1
539731,49458,63000,82.54,78,17014,45,2102,01.01.1995,Salaried,26.09.2018,4,1646,1,1,0,0,0,0,0,No Bureau History Available,0,0,0,0,0,0,0,0,0,0,0,0,0,0,0,0,0yrs 0mon,0yrs 0mon,0,0
566438,45268,62577,76.23,78,17014,45,2099,01.01.1985,Salaried,10.10.2018,4,1646,1,1,0,0,0,0,0,No Bureau History Available,0,0,0,0,0,0,0,0,0,0,0,0,0,0,0,0,0yrs 0mon,0yrs 0mon,0,0
600956,50943,63896,85.29,78,17014,45,2099,01.01.1985,Salaried,22.10.2018,4,1646,1,1,0,0,0,0,300,M-Very High Risk,4,0,1,0,0,0,0,0,0,0,0,0,1780,0,0,0,1yrs 0mon,2yrs 1mon,0,0
576901,49713,68000,77.94,78,17014,45,2103,01.01.1991,Self employed,14.10.2018,4,1646,1,1,0,0,0,0,0,No Bureau History Available,0,0,0,0,0,0,0,0,0,0,0,0,0,0,0,0,0yrs 0mon,0yrs 0mon,0,0
517611,46759,62577,78.3,78,17014,45,2102,01.01.1967,Salaried,19.09.2018,4,1646,1,1,0,0,0,0,0,No Bureau History Available,0,0,0,0,0,0,0,0,0,0,0,0,0,0,0,0,0yrs 0mon,0yrs 0mon,0,0
502229,49458,63000,82.54,78,17014,45,2102,01.01.1985,Salaried,12.09.2018,4,1646,1,1,0,0,0,0,749,C-Very Low Risk,2,2,0,5428,63500,63500,0,0,0,0,0,0,4248,0,0,0,1yrs 9mon,2yrs 9mon,0,1
524678,54343,68862,82.77,78,17014,45,2071,01.01.1983,Salaried,21.09.2018,4,1646,1,1,0,0,0,0,702,E-Low Risk,9,1,0,79569,80000,80000,0,0,0,0,0,0,5154,0,1,0,1yrs 2mon,2yrs 1mon,2,0
558406,42874,63840,68.92,78,17014,45,2102,01.01.1995,Salaried,05.10.2018,4,1646,1,1,0,0,0,0,0,No Bureau History Available,0,0,0,0,0,0,0,0,0,0,0,0,0,0,0,0,0yrs 0mon,0yrs 0mon,0,1
573625,54273,71840,80.73,78,17014,45,2102,01.01.1967,Salaried,13.10.2018,4,1646,1,1,0,0,0,0,18,Not Scored: No Updates available in last 36 months,1,1,0,0,0,0,0,0,0,0,0,0,0,0,0,0,12yrs 10mon,12yrs 10mon,0,0
433647,48468,65500,77.86,78,17014,45,2100,01.01.1980,Salaried,11.08.2018,4,1646,1,1,0,0,0,0,17,Not Scored: Not Enough Info available on the customer,1,1,0,58558,48220,48220,0,0,0,0,0,0,0,0,1,0,0yrs 2mon,0yrs 2mon,0,1
546769,50046,70516,72.75,78,17014,45,2070,01.01.1993,Salaried,28.09.2018,4,1646,1,1,0,0,0,0,0,No Bureau History Available,0,0,0,0,0,0,0,0,0,0,0,0,0,0,0,0,0yrs 0mon,0yrs 0mon,0,0
616998,47773,63306,80.56,78,17014,45,2070,05.05.1988,Salaried,25.10.2018,4,1646,1,1,0,0,0,0,0,No Bureau History Available,0,0,0,0,0,0,0,0,0,0,0,0,0,0,0,0,0yrs 0mon,0yrs 0mon,0,0
639238,46548,63306,78.82,78,17014,45,2070,01.01.1973,Salaried,29.10.2018,4,1646,1,1,0,0,0,0,763,B-Very Low Risk,1,1,0,0,12000,12000,0,0,0,0,0,0,0,0,0,0,0yrs 10mon,0yrs 10mon,0,0
652747,54131,69936,82.36,78,17014,45,2069,01.01.1986,Salaried,31.10.2018,4,1646,1,1,0,0,0,0,749,C-Very Low Risk,11,2,0,45639,75000,75000,0,0,0,0,0,0,22267,0,1,0,1yrs 2mon,2yrs 2mon,5,1
584459,50743,66115,78.65,78,17014,45,2069,20.02.1983,Salaried,17.10.2018,4,1646,1,1,0,0,0,0,0,No Bureau History Available,0,0,0,0,0,0,0,0,0,0,0,0,0,0,0,0,0yrs 0mon,0yrs 0mon,0,0
653618,48258,63896,80.6,78,17014,45,2075,01.01.1986,Salaried,31.10.2018,4,1646,1,1,0,0,0,0,17,Not Scored: Not Enough Info available on the customer,1,1,0,51500,51500,51500,0,0,0,0,0,0,0,0,1,0,0yrs 0mon,0yrs 0mon,0,0
596844,47773,63306,80.56,78,17014,45,2074,01.01.1970,Salaried,22.10.2018,4,1646,1,1,0,0,0,0,0,No Bureau History Available,0,0,0,0,0,0,0,0,0,0,0,0,0,0,0,0,0yrs 0mon,0yrs 0mon,0,0
431923,44779,62852,74.78,78,17014,45,2077,01.06.1970,Salaried,10.08.2018,4,1646,1,1,0,0,0,0,599,I-Medium Risk,5,2,1,34922,60000,60000,0,0,0,0,0,0,11759,0,1,1,0yrs 8mon,0yrs 11mon,1,0
576883,45814,66115,71.09,78,17014,45,2069,20.03.1993,Salaried,14.10.2018,4,1646,1,1,0,0,0,0,0,No Bureau History Available,0,0,0,0,0,0,0,0,0,0,0,0,0,0,0,0,0yrs 0mon,0yrs 0mon,0,0
434752,48468,60410,84.42,78,17014,45,2101,01.01.1978,Salaried,12.08.2018,4,1646,1,1,0,0,0,0,0,No Bureau History Available,0,0,0,0,0,0,0,0,0,0,0,0,0,0,0,0,0yrs 0mon,0yrs 0mon,0,0
521436,44819,66487,69.19,78,17014,45,2099,01.06.1969,Salaried,20.09.2018,4,1646,1,1,0,0,0,0,824,A-Very Low Risk,3,0,0,0,0,0,0,0,0,0,0,0,0,0,0,0,1yrs 6mon,3yrs 8mon,0,0
508182,50673,63840,83.02,78,17014,45,2098,01.01.1997,Salaried,15.09.2018,4,1646,1,1,0,0,0,0,0,No Bureau History Available,0,0,0,0,0,0,0,0,0,0,0,0,0,0,0,0,0yrs 0mon,0yrs 0mon,0,0
463163,37939,64500,62.02,78,17014,45,2103,01.01.1978,Salaried,25.08.2018,4,1646,1,1,0,0,0,0,0,No Bureau History Available,0,0,0,0,0,0,0,0,0,0,0,0,0,0,0,0,0yrs 0mon,0yrs 0mon,0,1
525234,52428,67405,81.6,78,17014,45,2099,05.08.1998,,21.09.2018,4,1646,1,1,0,0,0,0,0,No Bureau History Available,0,0,0,0,0,0,0,0,0,0,0,0,0,0,0,0,0yrs 0mon,0yrs 0mon,0,0
637252,51653,63896,86.08,78,17014,45,2079,24.02.1999,,29.10.2018,4,1646,1,1,0,0,0,0,0,No Bureau History Available,0,0,0,0,0,0,0,0,0,0,0,0,0,0,0,0,0yrs 0mon,0yrs 0mon,0,0
594321,52818,63896,88.42,78,17014,45,2071,01.01.1983,Salaried,21.10.2018,4,1646,1,1,0,0,0,0,575,I-Medium Risk,1,0,1,0,0,0,0,0,0,0,0,0,0,0,0,1,0yrs 0mon,0yrs 0mon,0,1
639321,51428,64840,84.82,78,17014,45,2095,12.07.1994,Salaried,30.10.2018,4,1646,1,1,0,0,0,0,0,No Bureau History Available,0,0,0,0,0,0,0,0,0,0,0,0,0,0,0,0,0yrs 0mon,0yrs 0mon,4,0
584433,49488,63306,83.72,78,17014,45,2069,27.11.1998,,17.10.2018,4,1646,1,1,0,0,0,0,0,No Bureau History Available,0,0,0,0,0,0,0,0,0,0,0,0,0,0,0,0,0yrs 0mon,0yrs 0mon,0,0
573647,51663,68000,79.41,78,17014,45,2103,01.01.1979,Salaried,13.10.2018,4,1646,1,1,0,0,0,0,0,No Bureau History Available,0,0,0,0,0,0,0,0,0,0,0,0,0,0,0,0,0yrs 0mon,0yrs 0mon,0,0
465389,49458,62852,82.73,78,17014,45,2042,01.01.1993,Salaried,26.08.2018,4,1646,1,1,0,0,0,0,0,No Bureau History Available,0,0,0,0,0,0,0,0,0,0,0,0,0,0,0,0,0yrs 0mon,0yrs 0mon,0,1
501910,52508,66246,81.51,78,17014,45,2069,06.06.1975,Salaried,12.09.2018,4,1646,1,1,0,0,0,0,300,M-Very High Risk,36,11,2,327845,489490,489490,0,0,0,0,0,0,40747,0,3,1,1yrs 3mon,7yrs 5mon,0,0
543968,55333,73805,78.59,78,17014,45,2071,11.01.1983,Salaried,28.09.2018,4,1646,1,1,0,0,0,0,0,No Bureau History Available,0,0,0,0,0,0,0,0,0,0,0,0,0,0,0,0,0yrs 0mon,0yrs 0mon,0,0
427177,38939,59313,67.44,78,17014,45,2070,01.01.1978,Salaried,08.08.2018,4,1646,1,1,0,0,0,0,0,No Bureau History Available,0,0,0,0,0,0,0,0,0,0,0,0,0,0,0,0,0yrs 0mon,0yrs 0mon,0,0
603152,49713,63896,82.95,78,17014,45,2070,01.01.1968,Self employed,23.10.2018,4,1646,1,1,0,0,0,0,607,H-Medium Risk,8,2,0,2131369,3254115,3254115,0,0,0,0,0,0,2884,0,0,0,2yrs 5mon,4yrs 0mon,0,0
493843,49458,63000,82.54,78,17014,45,2103,09.04.1990,Salaried,07.09.2018,4,1646,1,1,0,0,0,0,17,Not Scored: Not Enough Info available on the customer,1,1,0,282809,292906,292906,0,0,0,0,0,0,0,0,1,0,0yrs 2mon,0yrs 2mon,0,1
515149,40884,59313,70.81,78,17014,45,2099,24.02.1998,,18.09.2018,4,1646,1,1,0,0,0,0,0,No Bureau History Available,0,0,0,0,0,0,0,0,0,0,0,0,0,0,0,0,0yrs 0mon,0yrs 0mon,0,0
639803,50295,67528,77.92,78,17014,45,2101,01.01.1977,Salaried,30.10.2018,4,1646,1,1,0,0,0,0,819,A-Very Low Risk,1,0,0,0,0,0,0,0,0,0,0,0,1328,0,0,0,1yrs 0mon,1yrs 0mon,0,0
478080,44575,59540,78.94,78,17014,45,2101,01.01.1990,Salaried,30.08.2018,4,1646,1,1,0,0,0,0,0,No Bureau History Available,0,0,0,0,0,0,0,0,0,0,0,0,0,0,0,0,0yrs 0mon,0yrs 0mon,0,1
628799,49973,63306,84.51,78,17014,45,2069,24.05.1993,Salaried,27.10.2018,4,1646,1,1,0,0,0,0,0,No Bureau History Available,0,0,0,0,0,0,0,0,0,0,0,0,0,0,0,0,0yrs 0mon,0yrs 0mon,0,0
446991,45769,66365,72.33,78,17014,45,2102,03.04.1980,Salaried,18.08.2018,4,1646,1,1,0,0,0,0,841,A-Very Low Risk,2,0,0,0,0,0,0,0,0,0,0,0,0,0,0,0,3yrs 8mon,4yrs 2mon,0,0
593737,51653,63306,86.88,78,17014,45,2071,01.01.1978,Salaried,21.10.2018,4,1646,1,1,0,0,0,0,0,No Bureau History Available,0,0,0,0,0,0,0,0,0,0,0,0,0,0,0,0,0yrs 0mon,0yrs 0mon,0,0
426952,46809,59313,80.93,78,17014,45,2071,01.01.1989,Salaried,08.08.2018,4,1646,1,1,0,0,0,0,763,B-Very Low Risk,1,1,0,3391,25000,25000,0,0,0,0,0,0,1350,0,0,0,1yrs 10mon,1yrs 10mon,0,1
524703,41670,59313,74.18,78,17014,45,2071,01.01.1979,Salaried,21.09.2018,4,1646,1,1,0,0,0,0,656,F-Low Risk,17,3,0,1002630,1028000,1028000,0,0,0,0,0,0,23951,0,1,0,0yrs 10mon,2yrs 1mon,0,1
558504,48693,62577,81.5,78,17014,45,2071,01.01.1976,Salaried,05.10.2018,4,1646,1,1,0,0,0,0,0,No Bureau History Available,0,0,0,0,0,0,0,0,0,0,0,0,0,0,0,0,0yrs 0mon,0yrs 0mon,0,0
644762,51428,63306,86.88,78,17014,45,2071,01.01.1983,Salaried,30.10.2018,4,1646,1,1,0,0,0,0,0,No Bureau History Available,0,0,0,0,0,0,0,0,0,0,0,0,0,0,0,0,0yrs 0mon,0yrs 0mon,0,0
607849,54273,69067,83.98,78,17014,45,2102,01.01.1990,Self employed,23.10.2018,4,1646,1,1,0,0,0,0,0,No Bureau History Available,0,0,0,0,0,0,0,0,0,0,0,0,0,0,0,0,0yrs 0mon,0yrs 0mon,0,1
616967,51428,63306,86.88,78,17014,45,2099,01.01.1978,Self employed,25.10.2018,4,1646,1,1,0,0,0,0,0,No Bureau History Available,0,0,0,0,0,0,0,0,0,0,0,0,0,0,0,0,0yrs 0mon,0yrs 0mon,0,1
426914,45769,59313,80.93,78,17014,45,2099,01.01.1967,Self employed,08.08.2018,4,1646,1,1,0,0,0,0,836,A-Very Low Risk,1,0,0,0,0,0,0,0,0,0,0,0,2460,0,0,0,2yrs 3mon,2yrs 3mon,0,0
597017,42969,63840,72.06,78,17014,45,2101,19.11.1988,Salaried,22.10.2018,4,1646,1,1,0,0,0,0,0,No Bureau History Available,0,0,0,0,0,0,0,0,0,0,0,0,0,0,0,0,0yrs 0mon,0yrs 0mon,0,0
644765,48258,63896,80.6,78,17014,45,2078,01.01.1994,Salaried,30.10.2018,4,1646,1,1,0,0,0,0,0,No Bureau History Available,0,0,0,0,0,0,0,0,0,0,0,0,0,0,0,0,0yrs 0mon,0yrs 0mon,0,1
584591,47650,62577,79.74,78,17014,45,2071,01.01.1991,Salaried,17.10.2018,4,1646,1,1,0,0,0,0,763,B-Very Low Risk,2,1,0,1352,15000,15000,0,0,0,0,0,0,7460,0,0,0,1yrs 5mon,1yrs 11mon,1,0
566279,42690,63000,69.84,78,17014,45,2060,01.01.1989,Salaried,10.10.2018,4,1646,1,1,0,0,0,0,0,No Bureau History Available,0,0,0,0,0,0,0,0,0,0,0,0,0,0,0,0,0yrs 0mon,0yrs 0mon,0,0
437494,41854,59300,74.2,78,17014,45,2103,01.01.1969,Salaried,14.08.2018,4,1646,1,1,0,0,0,0,0,No Bureau History Available,0,0,0,0,0,0,0,0,0,0,0,0,0,0,0,0,0yrs 0mon,0yrs 0mon,0,0
529487,46759,62577,78.3,78,17014,45,2071,01.01.1972,Salaried,23.09.2018,4,1646,1,1,0,0,0,0,0,No Bureau History Available,0,0,0,0,0,0,0,0,0,0,0,0,0,0,0,0,0yrs 0mon,0yrs 0mon,0,0
628750,48433,63896,80.15,78,17014,45,2079,22.09.1980,Salaried,27.10.2018,4,1646,1,1,0,0,0,0,0,No Bureau History Available,0,0,0,0,0,0,0,0,0,0,0,0,0,0,0,0,0yrs 0mon,0yrs 0mon,0,0
440053,46555,59313,82.61,78,17014,45,2101,01.01.1981,Salaried,16.08.2018,4,1646,1,1,0,0,0,0,0,No Bureau History Available,0,0,0,0,0,0,0,0,0,0,0,0,0,0,0,0,0yrs 0mon,0yrs 0mon,0,0
427136,48699,59313,84.13,78,17014,45,2094,05.05.1995,Salaried,08.08.2018,4,1646,1,1,0,0,0,0,0,No Bureau History Available,0,0,0,0,0,0,0,0,0,0,0,0,0,0,0,0,0yrs 0mon,0yrs 0mon,0,0
457531,49250,65269,77.37,78,17014,45,2095,01.01.1988,Salaried,23.08.2018,4,1646,1,1,0,0,0,0,653,F-Low Risk,1,1,0,27537,28196,28196,0,0,0,0,0,0,0,0,0,0,0yrs 7mon,0yrs 7mon,0,1
449156,34959,60410,59.59,78,17014,45,2059,01.01.1987,Salaried,20.08.2018,4,1646,1,1,0,0,0,0,0,No Bureau History Available,0,0,0,0,0,0,0,0,0,0,0,0,0,0,0,0,0yrs 0mon,0yrs 0mon,0,1
484277,43090,64800,70.22,78,17014,45,2075,01.06.1984,Salaried,31.08.2018,4,1646,1,1,0,0,0,0,17,Not Scored: Not Enough Info available on the customer,1,1,0,45500,45500,45500,0,0,0,0,0,0,0,0,1,0,0yrs 0mon,0yrs 0mon,0,0
460472,28084,63720,45.51,78,17014,45,2092,01.01.1977,Salaried,24.08.2018,4,1646,1,1,0,0,0,0,0,No Bureau History Available,0,0,0,0,0,0,0,0,0,0,0,0,0,0,0,0,0yrs 0mon,0yrs 0mon,0,0
547112,49683,62577,83.1,78,17014,45,2099,01.01.1998,,29.09.2018,4,1646,1,1,0,0,0,0,0,No Bureau History Available,0,0,0,0,0,0,0,0,0,0,0,0,0,0,0,0,0yrs 0mon,0yrs 0mon,0,0
476624,50673,65269,81.2,78,17014,45,2099,01.01.1972,Salaried,30.08.2018,4,1646,1,1,0,0,0,0,0,No Bureau History Available,0,0,0,0,0,0,0,0,0,0,0,0,0,0,0,0,0yrs 0mon,0yrs 0mon,0,1
606032,38164,63896,64.17,78,17014,45,2099,01.03.1983,Salaried,23.10.2018,4,1646,1,1,0,0,0,0,0,No Bureau History Available,0,0,0,0,0,0,0,0,0,0,0,0,0,0,0,0,0yrs 0mon,0yrs 0mon,0,0
514635,50673,62577,84.7,78,17014,45,2079,01.01.1962,Salaried,18.09.2018,4,1646,1,1,0,0,0,0,763,B-Very Low Risk,3,2,0,2681,15749,15749,0,0,0,0,0,0,0,0,2,0,0yrs 6mon,0yrs 10mon,0,0
647432,50458,63896,84.51,78,17014,45,2070,01.01.1977,Self employed,31.10.2018,4,1646,1,1,0,0,0,0,0,No Bureau History Available,0,0,0,0,0,0,0,0,0,0,0,0,0,0,0,0,0yrs 0mon,0yrs 0mon,0,1
522196,49458,62577,83.1,78,17014,45,2099,01.01.1983,Salaried,20.09.2018,4,1646,1,1,0,0,0,0,0,No Bureau History Available,0,0,0,0,0,0,0,0,0,0,0,0,0,0,0,0,0yrs 0mon,0yrs 0mon,0,1
527890,42874,63800,68.97,78,17014,45,2103,01.01.1996,Salaried,22.09.2018,4,1646,1,1,0,0,0,0,0,No Bureau History Available,0,0,0,0,0,0,0,0,0,0,0,0,0,0,0,0,0yrs 0mon,0yrs 0mon,0,0
531676,49683,62577,83.1,78,17014,45,2099,06.05.1987,Salaried,24.09.2018,4,1646,1,1,0,0,0,0,738,C-Very Low Risk,2,1,0,21323,26000,26000,0,0,0,0,0,0,2856,0,1,0,0yrs 8mon,1yrs 0mon,1,1
449157,50743,63149,82.34,78,17014,45,2069,01.11.1991,Salaried,20.08.2018,4,1646,1,1,0,0,0,0,0,No Bureau History Available,0,0,0,0,0,0,0,0,0,0,0,0,0,0,0,0,0yrs 0mon,0yrs 0mon,0,0
437998,60213,84398,73.46,34,20700,48,971,09.09.1980,Salaried,14.08.2018,6,115,1,0,0,1,0,0,0,No Bureau History Available,0,0,0,0,0,0,0,0,0,0,0,0,0,0,0,0,0yrs 0mon,0yrs 0mon,0,1
547900,54303,69542,79.09,34,15196,86,1051,18.03.1990,Salaried,29.09.2018,6,1863,1,1,0,0,0,0,427,K-High Risk,5,4,1,312718,677000,677000,0,0,0,0,0,0,12979,0,0,2,1yrs 10mon,3yrs 9mon,3,1
539350,49803,65368,77.25,34,15196,86,987,01.08.1986,Salaried,26.09.2018,6,1863,1,1,0,0,0,0,825,A-Very Low Risk,2,0,0,0,0,0,0,0,0,0,0,0,4164,0,0,0,0yrs 6mon,0yrs 6mon,0,1
598368,51403,65687,79.32,34,15196,86,992,11.11.1972,Self employed,22.10.2018,6,1863,1,1,0,0,0,0,0,No Bureau History Available,0,0,0,0,0,0,0,0,0,0,0,0,0,0,0,0,0yrs 0mon,0yrs 0mon,0,0
579393,60971,72657,85,34,15196,86,987,29.11.1988,Salaried,15.10.2018,6,1863,1,1,0,0,0,0,687,E-Low Risk,2,1,0,10000,42500,42500,0,0,0,0,0,0,2154,0,0,0,1yrs 10mon,3yrs 2mon,0,1
599491,45349,65368,70.37,34,15196,86,1067,01.01.1969,Salaried,22.10.2018,6,1863,1,1,0,0,0,0,825,A-Very Low Risk,2,1,0,33612,40000,40000,0,0,0,0,0,0,3740,0,0,0,1yrs 2mon,1yrs 11mon,0,0
468999,36439,61865,59.81,34,15196,86,986,17.05.1991,Self employed,28.08.2018,6,1863,1,0,0,1,0,0,743,C-Very Low Risk,3,1,0,13785,56173,56173,0,0,0,0,0,0,4020,0,0,0,2yrs 1mon,5yrs 1mon,0,0
508841,51078,65368,79.55,34,15196,86,1051,30.01.1986,Self employed,15.09.2018,6,1863,1,1,0,0,0,0,0,No Bureau History Available,0,0,0,0,0,0,0,0,0,0,0,0,0,0,0,0,0yrs 0mon,0yrs 0mon,1,0
629049,74951,102945,74.02,34,23069,51,1051,01.08.1990,Self employed,27.10.2018,6,1863,1,1,0,0,0,0,783,B-Very Low Risk,2,1,0,21480,201381,201381,0,0,0,0,0,0,0,0,0,0,2yrs 8mon,2yrs 9mon,0,0
579405,58259,66068,89.3,34,15196,86,1062,15.09.1984,Self employed,15.10.2018,6,1863,1,1,0,0,0,0,733,D-Very Low Risk,7,4,0,196020,259363,259363,0,0,0,0,0,0,26627,0,2,0,1yrs 2mon,4yrs 3mon,0,0
440431,52303,66310,79.93,34,15196,86,996,01.01.1979,Self employed,16.08.2018,6,1863,1,1,0,0,0,0,0,No Bureau History Available,0,0,0,0,0,0,0,0,0,0,0,0,0,0,0,0,0yrs 0mon,0yrs 0mon,0,1
633425,46349,65687,71.55,34,15196,86,995,20.11.1973,Salaried,28.10.2018,6,1863,1,1,0,0,0,0,15,Not Scored: Sufficient History Not Available,1,1,0,5470,5470,5470,0,0,0,0,0,0,954,0,1,0,0yrs 0mon,0yrs 0mon,1,0
461951,51303,65060,79.93,34,15196,86,978,12.04.1972,Salaried,24.08.2018,6,1863,1,0,0,1,0,0,825,A-Very Low Risk,1,0,0,0,0,0,0,0,0,0,0,0,1250,0,0,0,0yrs 6mon,0yrs 6mon,0,0
451472,51078,65310,79.62,34,15196,86,987,08.08.1985,Salaried,20.08.2018,6,1863,1,1,0,0,0,0,708,D-Very Low Risk,5,4,0,46481,99090,99090,0,0,0,0,0,0,7210,0,0,0,0yrs 9mon,1yrs 0mon,1,1
598830,58259,65687,89.82,34,15196,86,1051,07.12.1982,Salaried,22.10.2018,6,1863,1,1,0,0,0,0,772,B-Very Low Risk,8,4,0,3259073,3610215,3587762,0,0,0,0,0,0,30113,0,2,0,1yrs 5mon,6yrs 9mon,3,0
527969,52003,68695,76.72,34,15196,86,989,30.10.1984,Salaried,22.09.2018,6,1863,1,1,0,0,0,0,15,Not Scored: Sufficient History Not Available,1,1,0,8455,14500,14500,0,0,0,0,0,0,1209,0,1,0,0yrs 0mon,0yrs 0mon,0,0
501429,49349,65368,76.49,34,15196,86,978,22.08.1978,Self employed,12.09.2018,6,1863,1,1,0,0,0,0,708,D-Very Low Risk,6,4,0,13438,48579,48579,0,0,0,0,0,0,2785,0,1,0,0yrs 7mon,1yrs 1mon,0,0
504753,55567,66252,84.99,34,15196,86,1074,12.12.1996,Salaried,14.09.2018,6,1863,1,1,0,0,0,0,0,No Bureau History Available,0,0,0,0,0,0,0,0,0,0,0,0,0,0,0,0,0yrs 0mon,0yrs 0mon,0,0
479174,40094,61865,65.79,34,15196,86,995,14.12.1974,Self employed,30.08.2018,6,1863,1,1,0,0,0,0,650,G-Low Risk,9,6,3,20196,351003,285648,0,0,0,0,0,0,0,0,2,1,3yrs 0mon,11yrs 0mon,0,0
651297,55259,65937,84.93,34,15196,86,1051,05.09.1976,Salaried,31.10.2018,6,1863,1,1,0,0,0,0,825,A-Very Low Risk,1,0,0,0,0,0,0,0,0,0,0,0,1475,0,0,0,0yrs 9mon,0yrs 9mon,0,0
488655,40394,65368,62.72,34,15196,86,992,04.05.1996,Salaried,04.09.2018,6,1863,1,1,0,0,0,0,825,A-Very Low Risk,1,0,0,0,0,0,2,2,1,1171994,1690000,1690000,1090,9382,0,0,3yrs 1mon,5yrs 0mon,0,0
436187,52303,62365,84.98,34,15196,86,1067,01.01.1982,Self employed,13.08.2018,6,1863,1,1,0,0,0,0,342,L-Very High Risk,5,4,1,1147365,1163250,1163250,0,0,0,0,0,0,13050,0,2,0,0yrs 9mon,1yrs 7mon,1,0
539017,40094,65368,62.26,34,15196,86,992,23.03.1994,Salaried,26.09.2018,6,1863,1,1,0,0,0,0,680,F-Low Risk,4,4,0,42063,66950,66950,0,0,0,0,0,0,4037,0,3,0,0yrs 2mon,0yrs 9mon,0,0
426993,50303,67099,76.01,34,15196,86,992,18.12.1993,Self employed,08.08.2018,6,1863,1,1,0,0,0,0,15,Not Scored: Sufficient History Not Available,3,3,1,7960,38950,7960,0,0,0,0,0,0,1464,0,2,1,0yrs 8mon,2yrs 1mon,1,1
445234,53578,68870,79.13,34,15196,86,992,01.06.1976,Self employed,17.08.2018,6,1863,1,1,0,0,0,0,0,No Bureau History Available,0,0,0,0,0,0,0,0,0,0,0,0,0,0,0,0,0yrs 0mon,0yrs 0mon,0,0
632900,52303,68695,77.15,34,15196,86,998,29.05.1993,Self employed,28.10.2018,6,1863,1,1,0,0,0,0,16,Not Scored: No Activity seen on the customer (Inactive),1,1,0,0,15000,0,0,0,0,0,0,0,0,0,0,0,0yrs 6mon,0yrs 6mon,0,0
599286,58259,65687,89.82,34,15196,86,1067,01.06.1983,Self employed,22.10.2018,6,1863,1,1,0,0,0,0,836,A-Very Low Risk,2,0,0,0,0,0,0,0,0,0,0,0,2597,0,0,0,1yrs 10mon,1yrs 11mon,0,0
484275,54305,64760,85,34,15196,86,1050,09.06.1970,Self employed,31.08.2018,6,1863,1,1,0,0,0,0,0,No Bureau History Available,0,0,0,0,0,0,0,0,0,0,0,0,0,0,0,0,0yrs 0mon,0yrs 0mon,0,0
470009,48835,61865,79.99,34,15196,86,992,26.01.1996,Self employed,28.08.2018,6,1863,1,0,0,1,0,0,0,No Bureau History Available,0,0,0,0,0,0,0,0,0,0,0,0,0,0,0,0,0yrs 0mon,0yrs 0mon,0,0
461600,56059,63349,89.66,34,15196,86,1051,19.06.1985,Salaried,24.08.2018,6,1863,1,0,0,1,0,0,676,F-Low Risk,2,1,0,0,4968,4968,0,0,0,0,0,0,0,0,0,0,2yrs 9mon,2yrs 11mon,0,0
524071,50303,64651,78.89,34,21081,45,1051,28.06.1988,Salaried,21.09.2018,6,1863,1,1,0,0,0,0,548,J-High Risk,3,2,1,30206,99100,105564,1,1,0,0,40000,361,2315,0,1,1,1yrs 5mon,2yrs 9mon,0,0
579615,42394,77968,55.15,34,15196,86,1051,22.11.1993,Self employed,15.10.2018,6,1863,1,1,0,0,0,0,429,K-High Risk,5,1,1,22075,45000,34589,0,0,0,0,0,0,0,0,0,0,0yrs 8mon,1yrs 0mon,0,0
503543,57759,65368,89.49,34,15196,86,1051,28.09.1979,Self employed,14.09.2018,6,1863,1,1,0,0,0,0,597,I-Medium Risk,5,5,1,476937,644797,644797,0,0,0,0,0,0,0,0,4,0,0yrs 5mon,1yrs 10mon,0,0
600177,54078,65197,84.36,34,15196,86,1043,01.05.1965,Salaried,22.10.2018,6,1863,1,0,0,1,0,0,0,No Bureau History Available,0,0,0,0,0,0,0,0,0,0,0,0,0,0,0,0,0yrs 0mon,0yrs 0mon,0,1
596040,41094,57782,72.17,34,15196,86,992,18.10.1983,Self employed,21.10.2018,6,1863,1,1,0,0,0,0,0,No Bureau History Available,0,0,0,0,0,0,0,0,0,0,0,0,0,0,0,0,0yrs 0mon,0yrs 0mon,0,1
451694,35939,61865,59,34,15196,86,1051,01.06.1957,Self employed,21.08.2018,6,1863,1,1,0,0,0,0,0,No Bureau History Available,0,0,0,0,0,0,0,0,0,0,0,0,0,0,0,0,0yrs 0mon,0yrs 0mon,0,0
477704,54003,64389,84.95,34,15196,86,992,05.09.1987,Self employed,30.08.2018,6,1863,1,1,0,0,0,0,663,F-Low Risk,5,3,0,192520,555613,507644,0,0,0,0,0,0,4671,0,0,0,2yrs 8mon,3yrs 2mon,0,0
437939,27229,61865,44.77,34,15196,86,992,10.04.1991,Salaried,14.08.2018,6,1863,1,1,0,0,0,0,667,F-Low Risk,4,3,0,4340,31809,31809,0,0,0,0,0,0,0,0,1,0,0yrs 6mon,0yrs 11mon,0,0
422738,51078,65203,79.75,34,15196,86,971,12.09.1974,Salaried,06.08.2018,6,1863,1,1,0,0,0,0,0,No Bureau History Available,0,0,0,0,0,0,0,0,0,0,0,0,0,0,0,0,0yrs 0mon,0yrs 0mon,0,0
601384,49349,65690,76.12,34,15196,86,1060,03.06.1978,Self employed,22.10.2018,6,1863,1,1,0,0,0,0,792,B-Very Low Risk,3,2,0,974963,1260000,1260000,0,0,0,0,0,0,19740,0,0,0,7yrs 3mon,11yrs 2mon,0,0
463091,51303,65249,79.69,34,15196,86,987,01.06.1978,Salaried,25.08.2018,6,1863,1,1,0,0,0,0,0,No Bureau History Available,0,0,0,0,0,0,0,0,0,0,0,0,0,0,0,0,0yrs 0mon,0yrs 0mon,1,1
474338,44749,61865,73.39,34,15196,86,992,10.07.1976,Self employed,29.08.2018,6,1863,1,1,0,0,0,0,792,B-Very Low Risk,10,2,0,1420891,1776733,1776733,0,0,0,0,0,0,31311,0,0,0,2yrs 3mon,4yrs 1mon,0,0
492350,47049,65215,73.14,34,15196,86,992,09.10.1985,Salaried,06.09.2018,6,1863,1,1,0,0,0,0,763,B-Very Low Risk,2,2,0,5420,35271,35271,0,0,0,0,0,0,3847,0,1,0,0yrs 10mon,1yrs 4mon,4,0
474531,43394,66068,66.6,34,15196,86,1067,14.01.1993,Self employed,29.08.2018,6,1863,1,1,0,0,0,0,707,D-Very Low Risk,10,5,0,145434,180522,180522,0,0,0,0,0,0,19485,0,4,0,0yrs 4mon,0yrs 9mon,1,0
472917,53803,68245,79.86,34,15196,86,987,01.09.1989,Self employed,29.08.2018,6,1863,1,1,0,0,0,0,763,B-Very Low Risk,1,1,0,1200,13900,13900,0,0,0,0,0,0,2317,0,0,0,0yrs 7mon,0yrs 7mon,0,1
492345,38439,65215,59.8,34,15196,86,978,15.08.1985,Salaried,06.09.2018,6,1863,1,1,0,0,0,0,749,C-Very Low Risk,4,3,0,37855,90026,90026,0,0,0,0,0,0,5721,0,1,0,2yrs 0mon,4yrs 9mon,0,0
493571,48349,65368,74.96,34,15196,86,1060,12.04.1965,Self employed,06.09.2018,6,1863,1,1,0,0,0,0,0,No Bureau History Available,0,0,0,0,0,0,0,0,0,0,0,0,0,0,0,0,0yrs 0mon,0yrs 0mon,0,0
500948,54759,65368,84.9,34,15196,86,995,26.10.1977,Self employed,12.09.2018,6,1863,1,1,0,0,0,0,798,B-Very Low Risk,10,6,0,741288,1299454,1102429,0,0,0,0,0,0,0,0,0,0,4yrs 4mon,12yrs 11mon,0,0
492156,73723,99500,74.97,34,23069,51,1051,11.02.1977,Self employed,06.09.2018,6,1863,1,1,0,0,0,0,772,B-Very Low Risk,2,1,0,820301,900000,900000,0,0,0,0,0,0,3000,0,0,0,1yrs 3mon,2yrs 1mon,0,0
540974,40394,69498,58.99,34,15196,86,1067,12.08.1984,Self employed,27.09.2018,6,1863,1,1,0,0,0,0,0,No Bureau History Available,0,0,0,0,0,0,0,0,0,0,0,0,0,0,0,0,0yrs 0mon,0yrs 0mon,0,0
645956,56013,65687,86.78,34,15196,86,1065,21.07.1977,Self employed,31.10.2018,6,1863,1,1,0,0,0,0,762,B-Very Low Risk,13,2,0,881713,1115000,1115000,0,0,0,0,0,0,3722,0,0,0,1yrs 4mon,3yrs 7mon,0,0
504787,46349,62465,75.24,34,21081,45,1062,10.03.1995,Self employed,14.09.2018,6,1863,1,0,0,1,0,0,738,C-Very Low Risk,1,1,0,24900,50000,50000,0,0,0,0,0,0,0,0,0,0,1yrs 2mon,1yrs 2mon,0,0
594419,56959,68695,83.99,34,15196,86,1063,18.04.1968,Self employed,21.10.2018,6,1863,1,1,0,0,0,0,825,A-Very Low Risk,1,0,0,0,0,0,0,0,0,0,0,0,0,0,0,0,1yrs 0mon,1yrs 0mon,0,0
574161,58259,66068,89.3,34,15196,86,978,01.01.1974,Self employed,13.10.2018,6,1863,1,1,0,0,0,0,738,C-Very Low Risk,3,1,0,7493,14990,14990,0,0,0,0,0,0,0,0,1,0,0yrs 9mon,1yrs 1mon,0,0
599406,53878,68601,79.88,34,15196,86,1030,08.03.1988,Self employed,22.10.2018,6,1863,1,0,0,1,0,0,0,No Bureau History Available,0,0,0,0,0,0,0,0,0,0,0,0,0,0,0,0,0yrs 0mon,0yrs 0mon,0,1
451780,42394,61917,69.45,34,15196,86,992,03.03.1990,Self employed,21.08.2018,6,1863,1,1,0,0,0,0,606,H-Medium Risk,12,7,1,1074066,1353681,1341560,0,0,0,0,0,0,1565,0,4,1,0yrs 10mon,2yrs 2mon,0,1
450522,51303,65251,79.69,34,15196,86,988,26.11.1987,Salaried,20.08.2018,6,1863,1,1,0,0,0,0,836,A-Very Low Risk,1,0,0,0,0,0,0,0,0,0,0,0,2000,0,0,0,2yrs 5mon,2yrs 5mon,0,0
521998,74122,103060,72.77,34,15196,86,974,01.12.1963,Self employed,20.09.2018,6,1863,1,1,0,0,0,0,0,No Bureau History Available,0,0,0,0,0,0,0,0,0,0,0,0,0,0,0,0,0yrs 0mon,0yrs 0mon,0,0
542701,54576,65368,85,34,15196,86,992,29.03.1972,Salaried,27.09.2018,6,1863,1,1,0,0,0,0,681,E-Low Risk,3,3,0,8710,27154,27154,0,0,0,0,0,0,1910,0,1,0,0yrs 7mon,0yrs 10mon,1,0
501093,52303,66552,79.64,34,15196,86,1051,08.02.1960,Self employed,12.09.2018,6,1863,1,0,0,1,0,0,830,A-Very Low Risk,1,0,0,0,0,0,0,0,0,0,0,0,0,0,0,0,2yrs 5mon,2yrs 5mon,0,0
417430,49049,64217,77.39,34,15196,86,1050,10.03.1982,Self employed,01.08.2018,6,1863,1,1,0,0,0,0,0,No Bureau History Available,0,0,0,0,0,0,0,0,0,0,0,0,0,0,0,0,0yrs 0mon,0yrs 0mon,0,0
623357,46349,65687,71.55,34,15196,86,1067,01.01.1980,Self employed,26.10.2018,6,1863,1,0,0,1,0,0,825,A-Very Low Risk,4,0,0,0,0,0,0,0,0,0,0,0,4592,0,0,0,0yrs 6mon,0yrs 7mon,0,0
598020,51003,65687,78.71,34,15196,86,992,01.04.1981,Self employed,22.10.2018,6,1863,1,1,0,0,0,0,738,C-Very Low Risk,2,2,0,13163,31251,31251,0,0,0,0,0,0,0,0,2,0,0yrs 3mon,0yrs 3mon,0,0
599250,53078,65687,82.21,34,15196,86,1050,20.05.1967,Salaried,22.10.2018,6,1863,1,1,0,0,0,0,0,No Bureau History Available,0,0,0,0,0,0,0,0,0,0,0,0,0,0,0,0,0yrs 0mon,0yrs 0mon,0,0
599551,51303,67714,76.79,34,15196,86,1051,13.06.1993,Salaried,22.10.2018,6,1863,1,1,0,0,0,0,825,A-Very Low Risk,2,0,0,0,0,0,0,0,0,0,0,0,5556,0,0,0,1yrs 0mon,1yrs 3mon,0,0
472883,35939,61865,59,34,15196,86,1051,18.08.1992,Self employed,29.08.2018,6,1863,1,1,0,0,0,0,0,No Bureau History Available,0,0,0,0,0,0,0,0,0,0,0,0,0,0,0,0,0yrs 0mon,0yrs 0mon,0,0
596745,56259,67714,84.18,34,15196,86,1051,10.12.1992,Self employed,21.10.2018,6,1863,1,1,0,0,0,0,684,E-Low Risk,3,1,0,13000,13000,13000,0,0,0,0,0,0,3286,0,1,0,0yrs 4mon,0yrs 6mon,0,1
441603,53853,66068,82.57,34,15196,86,995,13.02.1955,Self employed,16.08.2018,6,1863,1,1,0,0,0,0,0,No Bureau History Available,0,0,0,0,0,0,0,0,0,0,0,0,0,0,0,0,0yrs 0mon,0yrs 0mon,0,0
580403,56759,65687,87.54,34,15196,86,1051,05.06.1986,Salaried,15.10.2018,6,1863,1,1,0,0,0,0,749,C-Very Low Risk,3,1,0,30847,35000,35000,0,0,0,0,0,0,3070,0,0,0,1yrs 1mon,2yrs 3mon,0,0
594727,50003,65687,77.18,34,15196,86,992,21.03.1976,Self employed,21.10.2018,6,1863,1,0,0,1,0,0,825,A-Very Low Risk,3,0,0,0,0,0,0,0,0,0,0,0,0,0,0,0,0yrs 9mon,0yrs 10mon,0,0
610853,50303,65368,78.02,34,15196,86,1051,22.12.1984,Self employed,24.10.2018,6,1863,1,1,0,0,0,0,686,E-Low Risk,14,4,0,653544,2036523,1782141,0,0,0,0,0,0,29286,0,0,1,1yrs 8mon,5yrs 0mon,0,0
644276,43394,57782,76.15,34,15196,86,1063,01.01.1976,Salaried,30.10.2018,6,1863,1,1,0,0,0,0,0,No Bureau History Available,0,0,0,0,0,0,0,0,0,0,0,0,0,0,0,0,0yrs 0mon,0yrs 0mon,0,0
501382,57959,69819,84.07,34,15196,86,1030,01.01.1970,Self employed,12.09.2018,6,1863,1,1,0,0,0,0,300,M-Very High Risk,4,2,1,1882,344000,344000,0,0,0,0,0,0,73263,0,0,0,3yrs 4mon,6yrs 6mon,0,1
627291,51003,97908,52.8,34,23069,51,992,01.01.1971,Self employed,26.10.2018,6,1863,1,1,0,0,0,0,758,C-Very Low Risk,2,1,0,14800,37000,37000,0,0,0,0,0,0,3700,0,1,0,0yrs 11mon,1yrs 7mon,0,0
445895,51303,65996,78.79,34,15196,86,1051,20.04.1962,Self employed,17.08.2018,6,1863,1,1,0,0,0,0,429,K-High Risk,4,1,1,5938,12000,12000,0,0,0,0,0,0,6480,0,0,1,0yrs 6mon,0yrs 7mon,0,0
508467,50303,65368,78.02,34,15196,86,988,21.08.1993,Self employed,15.09.2018,6,1863,1,1,0,0,0,0,0,No Bureau History Available,0,0,0,0,0,0,0,0,0,0,0,0,0,0,0,0,0yrs 0mon,0yrs 0mon,0,0
598742,55959,71008,79.85,34,15196,86,1050,01.01.1975,Self employed,22.10.2018,6,1863,1,1,0,0,0,0,825,A-Very Low Risk,1,0,0,0,0,0,0,0,0,0,0,0,2036,0,0,0,0yrs 7mon,0yrs 7mon,2,0
514310,55259,67394,83.09,34,15196,86,1003,01.06.1993,Salaried,18.09.2018,6,1863,1,1,0,0,0,0,0,No Bureau History Available,0,0,0,0,0,0,0,0,0,0,0,0,0,0,0,0,0yrs 0mon,0yrs 0mon,0,0
500977,58059,69542,84.55,34,15196,86,1062,01.06.1987,Salaried,12.09.2018,6,1863,1,0,0,1,0,0,825,A-Very Low Risk,1,0,0,0,0,0,0,0,0,0,0,0,1354,0,0,0,1yrs 6mon,1yrs 6mon,0,0
503921,44394,62465,72.04,34,21081,45,1050,17.04.1993,Self employed,14.09.2018,6,1863,1,1,0,0,0,0,593,I-Medium Risk,5,4,0,65447,128980,129834,0,0,0,0,0,0,0,0,2,0,0yrs 5mon,1yrs 1mon,0,0
460552,47049,61865,77.1,34,15196,86,1063,01.06.1981,Self employed,24.08.2018,6,1863,1,1,0,0,0,0,0,No Bureau History Available,0,0,0,0,0,0,0,0,0,0,0,0,0,0,0,0,0yrs 0mon,0yrs 0mon,0,0
611241,55959,66937,84.71,34,15196,86,992,01.01.1962,Self employed,24.10.2018,6,1863,1,1,0,0,0,0,0,No Bureau History Available,0,0,0,0,0,0,0,0,0,0,0,0,0,0,0,0,0yrs 0mon,0yrs 0mon,0,0
539046,53503,101625,53.33,34,23069,51,1051,01.01.1986,Self employed,26.09.2018,6,1863,1,1,0,0,0,0,676,F-Low Risk,9,3,1,651451,998240,998240,0,0,0,0,0,0,18534,0,1,1,1yrs 5mon,7yrs 4mon,0,0
501318,48368,65368,74.99,34,15196,86,995,31.10.1983,Self employed,12.09.2018,6,1863,1,0,1,0,0,0,300,M-Very High Risk,2,1,1,463543,500000,500000,0,0,0,0,0,0,0,0,0,0,3yrs 5mon,3yrs 8mon,0,0
515846,44394,57461,78.31,34,15196,86,1063,02.01.1997,Self employed,18.09.2018,6,1863,1,1,0,0,0,0,0,No Bureau History Available,0,0,0,0,0,0,0,0,0,0,0,0,0,0,0,0,0yrs 0mon,0yrs 0mon,1,0
551505,51103,71524,72.42,34,15196,86,992,23.10.1970,Salaried,30.09.2018,6,1863,1,0,0,0,1,0,836,A-Very Low Risk,1,0,0,0,0,0,0,0,0,0,0,0,0,0,0,0,1yrs 7mon,1yrs 7mon,0,0
596072,44449,72375,62.31,34,15196,86,989,01.01.1964,Self employed,21.10.2018,6,1863,1,1,0,0,0,0,0,No Bureau History Available,0,0,0,0,0,0,0,0,0,0,0,0,0,0,0,0,0yrs 0mon,0yrs 0mon,0,0
473145,53403,67675,79.94,34,15196,86,1050,24.08.1992,Salaried,29.08.2018,6,1863,1,1,0,0,0,0,0,No Bureau History Available,0,0,0,0,0,0,0,0,0,0,0,0,0,0,0,0,0yrs 0mon,0yrs 0mon,0,0
530577,53403,69542,77.79,34,15196,86,1051,20.11.1970,Self employed,23.09.2018,6,1863,1,1,0,0,0,0,746,C-Very Low Risk,2,1,0,1417805,1600000,1600000,0,0,0,0,0,0,0,0,0,0,1yrs 7mon,2yrs 2mon,0,0
480879,51888,61865,85,34,15196,86,995,08.02.1965,Self employed,31.08.2018,6,1863,1,1,0,0,0,0,829,A-Very Low Risk,8,4,0,5,247505,159579,0,0,0,0,0,0,0,0,0,0,4yrs 7mon,19yrs 3mon,0,0
475179,46349,61865,75.97,34,15196,86,978,16.09.1973,Self employed,30.08.2018,6,1863,1,1,0,0,0,0,0,No Bureau History Available,0,0,0,0,0,0,0,0,0,0,0,0,0,0,0,0,0yrs 0mon,0yrs 0mon,0,0
579528,44622,69863,64.41,34,15196,86,992,13.11.1994,Salaried,15.10.2018,6,1863,1,1,0,0,0,0,0,No Bureau History Available,0,0,0,0,0,0,0,0,0,0,0,0,0,0,0,0,0yrs 0mon,0yrs 0mon,0,0
436212,48145,61865,79.2,34,15196,86,1043,06.02.1983,Salaried,13.08.2018,6,1863,1,1,0,0,0,0,651,F-Low Risk,4,1,0,2385,2385,2385,0,0,0,0,0,0,4885,0,1,0,0yrs 5mon,0yrs 7mon,0,0
491822,56759,66099,86.99,34,15196,86,1051,20.07.1979,Self employed,06.09.2018,6,1863,1,1,0,0,0,0,792,B-Very Low Risk,4,3,0,2380143,2607578,2607578,0,0,0,0,0,0,30878,0,1,0,1yrs 11mon,4yrs 3mon,1,0
543941,39439,65368,61.19,34,15196,86,992,08.05.1976,Salaried,28.09.2018,6,1863,1,1,0,0,0,0,738,C-Very Low Risk,3,2,0,9119,16580,16580,0,0,0,0,0,0,0,0,2,0,0yrs 8mon,1yrs 8mon,0,0
504703,60947,69542,89.15,34,15196,86,1050,01.01.1988,Salaried,14.09.2018,6,1863,1,1,0,0,0,0,710,D-Very Low Risk,3,2,0,16462,22858,22858,0,0,0,0,0,0,5570,0,2,0,0yrs 3mon,0yrs 7mon,1,1
610274,49349,65687,76.12,34,15196,86,978,21.11.1985,Salaried,24.10.2018,6,1863,1,1,0,0,0,0,0,No Bureau History Available,0,0,0,0,0,0,0,0,0,0,0,0,0,0,0,0,0yrs 0mon,0yrs 0mon,0,0
472852,54303,64729,84.97,34,15196,86,992,10.08.1994,Salaried,29.08.2018,6,1863,1,1,0,0,0,0,573,I-Medium Risk,2,0,0,0,0,0,0,0,0,0,0,0,4542,0,0,0,0yrs 10mon,1yrs 2mon,1,0
579452,54303,68877,79.85,34,15196,86,992,05.01.1989,Self employed,15.10.2018,6,1863,1,1,0,0,0,0,695,E-Low Risk,12,3,0,445597,555480,530032,0,0,0,0,0,0,14203,0,1,0,0yrs 10mon,3yrs 0mon,0,0
476408,51303,61865,84.05,34,15196,86,1051,01.06.1973,Self employed,30.08.2018,6,1863,1,1,0,0,0,0,0,No Bureau History Available,0,0,0,0,0,0,0,0,0,0,0,0,0,0,0,0,0yrs 0mon,0yrs 0mon,0,0
450504,54303,61865,88.9,34,15196,86,1051,11.06.1980,Self employed,20.08.2018,6,1863,1,1,0,0,0,0,671,F-Low Risk,11,9,0,684483,741632,741632,3,3,0,5787530,6425000,6425000,7230,0,9,0,0yrs 4mon,1yrs 3mon,0,0
522580,54822,65368,85,34,15196,86,992,01.06.1978,Self employed,20.09.2018,6,1863,1,1,0,0,0,0,729,D-Very Low Risk,10,7,0,191878,510247,518333,0,0,0,0,0,0,12309,0,2,0,1yrs 8mon,5yrs 10mon,0,0
462735,42094,65223,65.47,34,15196,86,1050,08.09.1990,Self employed,24.08.2018,6,1863,1,1,0,0,0,0,0,No Bureau History Available,0,0,0,0,0,0,0,0,0,0,0,0,0,0,0,0,0yrs 0mon,0yrs 0mon,1,0
486384,43394,66068,66.6,34,15196,86,1051,17.02.1988,Salaried,31.08.2018,6,1863,1,1,0,0,0,0,0,No Bureau History Available,0,0,0,0,0,0,0,0,0,0,0,0,0,0,0,0,0yrs 0mon,0yrs 0mon,0,0
550621,44849,65368,69.61,34,15196,86,1045,06.12.1994,Salaried,29.09.2018,6,1863,1,1,0,0,0,0,825,A-Very Low Risk,1,0,0,0,0,0,0,0,0,0,0,0,1882,0,0,0,0yrs 6mon,0yrs 6mon,0,0
439815,42394,61865,69.51,34,15196,86,984,01.01.1982,Self employed,16.08.2018,6,1863,1,1,0,0,0,0,0,No Bureau History Available,0,0,0,0,0,0,0,0,0,0,0,0,0,0,0,0,0yrs 0mon,0yrs 0mon,0,0
640764,54847,65687,85,34,15196,86,1049,01.01.1968,Salaried,30.10.2018,6,1863,1,1,0,0,0,0,0,No Bureau History Available,0,0,0,0,0,0,0,0,0,0,0,0,0,0,0,0,0yrs 0mon,0yrs 0mon,0,0
444917,40394,61865,66.27,34,15196,86,1050,21.08.1994,Salaried,17.08.2018,6,1863,1,1,0,0,0,0,0,No Bureau History Available,0,0,0,0,0,0,0,0,0,0,0,0,0,0,0,0,0yrs 0mon,0yrs 0mon,0,0
448442,50003,63749,79.53,34,15196,86,992,30.08.1983,Salaried,18.08.2018,6,1863,1,1,0,0,0,0,763,B-Very Low Risk,1,1,0,0,20880,20880,0,0,0,0,0,0,0,0,0,0,0yrs 11mon,0yrs 11mon,0,0
537614,22574,48610,47.32,34,23069,51,992,01.01.1959,Self employed,26.09.2018,6,1863,1,1,0,0,0,0,879,A-Very Low Risk,1,0,0,0,0,0,0,0,0,0,0,0,0,0,0,0,4yrs 7mon,4yrs 7mon,0,0
474933,36789,61895,60.34,34,15196,86,992,28.12.1978,Self employed,29.08.2018,6,1863,1,1,0,0,0,0,738,C-Very Low Risk,4,2,0,42916,60000,60000,0,0,0,0,0,0,0,0,2,0,0yrs 6mon,1yrs 1mon,0,0
579661,46149,65687,71.25,34,15196,86,1055,10.05.1983,Self employed,15.10.2018,6,1863,1,1,0,0,0,0,0,No Bureau History Available,0,0,0,0,0,0,0,0,0,0,0,0,0,0,0,0,0yrs 0mon,0yrs 0mon,0,0
523652,53303,66262,81.49,34,21081,45,977,19.05.1983,Salaried,20.09.2018,6,1863,1,1,0,0,0,0,684,E-Low Risk,2,1,0,284268,305769,305769,0,0,0,0,0,0,0,0,1,0,1yrs 3mon,2yrs 2mon,0,0
529878,54303,65368,84.14,34,15196,86,992,22.09.1986,Self employed,23.09.2018,6,1863,1,0,0,1,0,0,300,M-Very High Risk,5,1,1,14888,48800,48800,0,0,0,0,0,0,2576,0,0,0,1yrs 8mon,4yrs 6mon,0,0
591475,40394,68182,60.13,34,15196,86,1051,01.01.1984,Salaried,20.10.2018,6,1863,1,1,0,0,0,0,603,H-Medium Risk,6,3,1,967288,1208110,1208110,0,0,0,0,0,0,13105,0,1,1,1yrs 4mon,2yrs 7mon,0,0
623283,55259,70563,79.36,34,15196,86,1051,08.08.1978,Salaried,26.10.2018,6,1863,1,1,0,0,0,0,825,A-Very Low Risk,2,0,0,0,0,0,0,0,0,0,0,0,0,0,0,0,1yrs 0mon,1yrs 0mon,0,0
530373,38439,63268,61.64,34,21081,45,992,11.07.1979,Salaried,23.09.2018,6,1863,1,1,0,0,0,0,825,A-Very Low Risk,1,0,0,0,0,0,0,0,0,0,0,0,3253,0,0,0,0yrs 7mon,0yrs 7mon,0,0
596303,58013,66337,88.94,34,15196,86,1067,01.06.1984,Salaried,21.10.2018,6,1863,1,1,0,0,0,0,825,A-Very Low Risk,1,0,0,0,0,0,0,0,0,0,0,0,1513,0,0,0,0yrs 7mon,0yrs 7mon,0,0
594134,42622,69863,61.55,34,15196,86,997,10.08.1986,Self employed,21.10.2018,6,1863,1,1,0,0,0,0,783,B-Very Low Risk,2,2,0,5487452,5756459,5756459,0,0,0,0,0,0,0,0,1,0,1yrs 6mon,2yrs 8mon,0,0
632911,46349,65687,71.55,34,15196,86,1089,16.05.1985,Self employed,28.10.2018,6,1863,1,1,0,0,0,0,825,A-Very Low Risk,1,0,0,0,0,0,0,0,0,0,0,0,1232,0,0,1,0yrs 7mon,0yrs 7mon,0,0
594585,56759,78015,73.7,34,15196,86,992,22.12.1995,Salaried,21.10.2018,6,1863,1,1,0,0,0,0,0,No Bureau History Available,0,0,0,0,0,0,0,0,0,0,0,0,0,0,0,0,0yrs 0mon,0yrs 0mon,0,0
492918,59259,70711,84.85,34,15196,86,1051,02.01.1980,Self employed,06.09.2018,6,1863,1,0,1,0,0,0,783,B-Very Low Risk,1,1,0,1622534,1700000,1700000,0,0,0,0,0,0,15736,0,0,0,1yrs 11mon,1yrs 11mon,0,0
492701,53303,68695,78.61,34,15196,86,1047,27.09.1994,Salaried,06.09.2018,6,1863,1,1,0,0,0,0,738,C-Very Low Risk,2,1,0,18750,25000,25000,0,0,0,0,0,0,0,0,1,0,0yrs 8mon,1yrs 4mon,1,0
442393,53803,61865,88.1,34,15196,86,992,01.06.1993,Salaried,16.08.2018,6,1863,1,1,0,0,0,0,692,E-Low Risk,4,1,0,7400,37000,37000,0,0,0,0,0,0,3641,0,0,0,1yrs 7mon,2yrs 9mon,0,0
468127,44394,60520,74.36,34,23069,51,1051,06.04.1978,Self employed,28.08.2018,6,1863,1,1,0,0,0,0,753,C-Very Low Risk,7,4,0,1241718,1397999,1397999,0,0,0,0,0,0,0,0,3,0,1yrs 1mon,3yrs 11mon,0,0
595370,47349,65687,73.07,34,15196,86,1049,03.02.1986,Salaried,21.10.2018,6,1863,1,1,0,0,0,0,0,No Bureau History Available,0,0,0,0,0,0,0,0,0,0,0,0,0,0,0,0,0yrs 0mon,0yrs 0mon,0,0
450895,50303,64160,79.49,34,15196,86,1066,07.01.1982,Self employed,20.08.2018,6,1863,1,1,0,0,0,0,502,K-High Risk,2,2,1,13614,10000,13676,0,0,0,0,0,0,0,0,0,1,3yrs 0mon,4yrs 11mon,0,0
579073,49703,65215,78.2,130,15196,86,1045,03.05.1973,Self employed,15.10.2018,6,1570,1,1,0,0,0,0,792,B-Very Low Risk,5,2,0,387842,435180,435180,0,0,0,0,0,0,7194,0,1,0,2yrs 8mon,8yrs 1mon,0,0
431444,48349,59115,84.58,130,20520,45,1063,15.07.1971,Self employed,10.08.2018,6,1570,1,1,0,0,0,0,763,B-Very Low Risk,2,1,0,800,11790,11790,0,0,0,0,0,0,2641,0,0,0,0yrs 10mon,1yrs 2mon,0,1
541538,57859,65368,89.65,130,15218,86,1044,01.02.1957,Self employed,27.09.2018,6,1570,1,1,0,0,0,0,739,C-Very Low Risk,2,1,0,413200,35441,35441,0,0,0,0,0,0,286,0,1,0,0yrs 5mon,0yrs 10mon,0,0
498448,59447,69418,87.15,130,15218,86,1043,01.07.1970,Salaried,10.09.2018,6,1570,1,1,0,0,0,0,300,M-Very High Risk,7,4,1,702833,950000,950000,2,0,0,0,0,0,25695,0,0,0,1yrs 10mon,8yrs 1mon,0,0
638133,55259,66636,85.54,130,15218,86,1030,22.06.1980,Self employed,29.10.2018,6,1570,1,1,0,0,0,0,825,A-Very Low Risk,1,0,0,0,0,0,0,0,0,0,0,0,1732,0,0,0,0yrs 6mon,0yrs 6mon,0,0
546494,54713,69498,80.15,130,22637,86,1043,20.12.1982,Self employed,28.09.2018,6,1570,1,1,0,0,0,0,605,H-Medium Risk,13,2,0,20551712,22608992,22623604,0,0,0,0,0,0,63895,0,1,0,1yrs 11mon,7yrs 7mon,0,0
487087,42454,59115,74.43,130,20520,45,1045,04.01.1994,Salaried,03.09.2018,6,1570,1,0,0,1,0,0,763,B-Very Low Risk,2,1,0,0,14990,14990,0,0,0,0,0,0,0,0,0,0,1yrs 1mon,1yrs 5mon,0,0
539031,51361,62456,85,130,15118,45,1224,01.01.1982,Salaried,26.09.2018,6,1570,1,1,0,0,0,0,0,No Bureau History Available,0,0,0,0,0,0,0,0,0,0,0,0,0,0,0,0,0yrs 0mon,0yrs 0mon,0,1
618129,48599,65782,76.01,130,21081,45,1060,01.06.1980,Self employed,25.10.2018,6,1570,1,0,0,1,0,0,0,No Bureau History Available,0,0,0,0,0,0,0,0,0,0,0,0,0,0,0,0,0yrs 0mon,0yrs 0mon,0,0
614194,48599,65368,76.49,130,22637,86,1044,17.08.1995,Self employed,24.10.2018,6,1570,1,1,0,0,0,0,786,B-Very Low Risk,2,2,0,910309,935000,928921,0,0,0,0,0,0,10028,0,1,0,0yrs 6mon,0yrs 10mon,0,0
502648,51073,62115,85,130,21081,45,1226,01.06.1955,Self employed,12.09.2018,6,1570,1,0,0,1,0,0,0,No Bureau History Available,0,0,0,0,0,0,0,0,0,0,0,0,0,0,0,0,0yrs 0mon,0yrs 0mon,0,0
631071,44599,66373,69.31,130,15118,45,1060,01.01.1977,Salaried,27.10.2018,6,1570,1,1,0,0,0,0,709,D-Very Low Risk,2,1,0,8692,8692,8692,0,0,0,0,0,0,1602,0,1,0,0yrs 9mon,1yrs 7mon,0,0
583604,44895,66641,69.78,130,21156,86,1051,01.06.1970,Self employed,16.10.2018,6,1570,1,1,0,0,0,0,0,No Bureau History Available,0,0,0,0,0,0,0,0,0,0,0,0,0,0,0,0,0yrs 0mon,0yrs 0mon,0,0
546084,61713,69468,89.97,130,22637,86,1043,28.07.1960,Self employed,28.09.2018,6,1570,1,1,0,0,0,0,0,No Bureau History Available,0,0,0,0,0,0,0,0,0,0,0,0,0,0,0,0,0yrs 0mon,0yrs 0mon,0,1
582590,57863,66373,89.8,130,15118,45,1045,10.09.1980,Self employed,16.10.2018,6,1570,1,1,0,0,0,0,706,D-Very Low Risk,1,1,0,155589,175000,175000,0,0,0,0,0,0,3929,0,0,0,0yrs 9mon,0yrs 9mon,0,0
542059,50203,67394,76.42,130,15196,86,1046,26.05.1993,Salaried,27.09.2018,6,1570,1,0,0,1,0,0,657,F-Low Risk,1,1,0,52909,58000,58000,0,0,0,0,0,0,2082,0,1,0,0yrs 4mon,0yrs 4mon,0,0
441285,51803,66960,79.9,130,18312,51,1045,07.04.1964,Self employed,16.08.2018,6,1570,1,1,0,0,0,0,639,G-Low Risk,2,2,0,750000,1350000,1350000,0,0,0,0,0,0,24530,0,1,0,1yrs 1mon,2yrs 3mon,1,0
609616,73023,102462,73.1,130,20700,48,1050,01.01.1995,Salaried,24.10.2018,6,1570,1,1,0,0,0,0,0,No Bureau History Available,0,0,0,0,0,0,0,0,0,0,0,0,0,0,0,0,0yrs 0mon,0yrs 0mon,0,0
606771,57863,66373,89.8,130,15118,45,1223,11.08.1991,Salaried,23.10.2018,6,1570,1,1,0,0,0,0,738,C-Very Low Risk,2,1,0,43831,50000,50000,0,0,0,0,0,0,5681,0,1,0,0yrs 5mon,0yrs 6mon,1,0
517344,53703,65188,84.37,130,15271,86,1049,29.03.1982,Salaried,19.09.2018,6,1570,1,1,0,0,0,0,785,B-Very Low Risk,4,3,0,1889295,2023313,1922435,0,0,0,0,0,0,0,0,1,0,0yrs 11mon,2yrs 0mon,0,1
516548,53478,65368,84.14,130,15271,86,1047,30.01.1989,Salaried,19.09.2018,6,1570,1,1,0,0,0,0,405,K-High Risk,3,2,1,3980,58400,58400,0,0,0,0,0,0,2570,0,0,1,2yrs 7mon,6yrs 7mon,0,0
498430,48996,62188,81.53,130,15218,86,974,13.05.1996,Self employed,10.09.2018,6,1570,1,0,0,1,0,0,0,No Bureau History Available,0,0,0,0,0,0,0,0,0,0,0,0,0,0,0,0,0yrs 0mon,0yrs 0mon,0,0
418723,51078,59115,89.66,130,15118,45,1037,01.08.1992,Self employed,01.08.2018,6,1570,1,1,0,0,0,0,0,No Bureau History Available,0,0,0,0,0,0,0,0,0,0,0,0,0,0,0,0,0yrs 0mon,0yrs 0mon,0,1
644204,42244,59981,72.69,130,20700,48,1192,11.08.1981,Self employed,30.10.2018,6,1570,1,0,0,1,0,0,0,No Bureau History Available,0,0,0,0,0,0,0,0,0,0,0,0,0,0,0,0,0yrs 0mon,0yrs 0mon,0,0
540067,53303,67394,80.13,130,15218,86,974,16.12.1976,Salaried,26.09.2018,6,1570,1,0,0,1,0,0,709,D-Very Low Risk,4,2,0,300527,448990,448990,0,0,0,0,0,0,10721,0,1,0,2yrs 7mon,4yrs 1mon,0,0
421853,45349,54270,86.6,130,22637,86,1045,31.05.1984,Salaried,04.08.2018,6,1570,1,1,0,0,0,0,743,C-Very Low Risk,1,0,0,0,0,0,0,0,0,0,0,0,3500,0,0,0,0yrs 9mon,0yrs 9mon,0,0
554531,53759,69502,79.28,130,21156,86,1063,01.06.1983,Salaried,03.10.2018,6,1570,1,1,0,0,0,0,0,No Bureau History Available,0,0,0,0,0,0,0,0,0,0,0,0,0,0,0,0,0yrs 0mon,0yrs 0mon,0,0
497002,47854,62188,79.6,130,21156,86,1043,29.08.1981,Salaried,08.09.2018,6,1570,1,0,0,1,0,0,0,No Bureau History Available,0,0,0,0,0,0,0,0,0,0,0,0,0,0,0,0,0yrs 0mon,0yrs 0mon,0,0
608704,57613,65215,89.86,130,22637,86,1043,08.09.1993,Salaried,23.10.2018,6,1570,1,0,0,1,0,0,738,C-Very Low Risk,2,2,0,35078,71900,71900,0,0,0,0,0,0,0,0,1,0,0yrs 7mon,0yrs 11mon,0,0
562691,46749,65368,73.43,130,22637,86,1043,01.01.1966,Self employed,08.10.2018,6,1570,1,0,0,1,0,0,17,Not Scored: Not Enough Info available on the customer,1,1,0,286870,300000,300000,0,0,0,0,0,0,0,0,1,0,0yrs 2mon,0yrs 2mon,1,0
609499,59463,96296,63.35,130,20700,48,988,07.06.1994,Self employed,24.10.2018,6,1570,1,1,0,0,0,0,0,No Bureau History Available,0,0,0,0,0,0,0,0,0,0,0,0,0,0,0,0,0yrs 0mon,0yrs 0mon,0,0
535499,39092,65188,62.9,130,15196,86,1047,12.09.1983,Self employed,25.09.2018,6,1570,1,0,0,1,0,0,830,A-Very Low Risk,5,2,0,1000,89000,20903,0,0,0,0,0,0,0,0,1,0,0yrs 8mon,1yrs 0mon,0,0
442303,48349,64217,77.86,130,22637,86,1044,13.09.1994,Self employed,16.08.2018,6,1570,1,1,0,0,0,0,0,No Bureau History Available,0,0,0,0,0,0,0,0,0,0,0,0,0,0,0,0,0yrs 0mon,0yrs 0mon,0,1
436581,37439,62188,62.71,130,15218,86,1047,28.09.1976,Self employed,13.08.2018,6,1570,1,0,0,1,0,0,763,B-Very Low Risk,2,1,0,0,16990,16990,0,0,0,0,0,0,1982,0,0,0,0yrs 9mon,1yrs 0mon,0,0
519216,56493,93494,63.11,130,20700,48,1050,10.02.1976,Self employed,19.09.2018,6,1570,1,1,0,0,0,0,0,No Bureau History Available,0,0,0,0,0,0,0,0,0,0,0,0,0,0,0,0,0yrs 0mon,0yrs 0mon,0,1
539745,54222,65368,85,130,15196,86,1043,19.11.1987,Self employed,26.09.2018,6,1570,1,1,0,0,0,0,690,E-Low Risk,11,8,0,2146035,2330832,2425969,3,2,0,29870,34458,34458,36555,6485,5,0,1yrs 2mon,3yrs 2mon,0,0
615398,54900,66636,85,130,15196,86,1047,04.05.1957,Self employed,24.10.2018,6,1570,1,1,0,0,0,0,0,No Bureau History Available,0,0,0,0,0,0,0,0,0,0,0,0,0,0,0,0,0yrs 0mon,0yrs 0mon,0,1
482998,43894,62188,73.17,130,15218,86,1051,10.03.1992,Salaried,31.08.2018,6,1570,1,0,0,1,0,0,0,No Bureau History Available,0,0,0,0,0,0,0,0,0,0,0,0,0,0,0,0,0yrs 0mon,0yrs 0mon,0,0
546418,59847,67694,89.96,130,22637,86,995,28.04.1986,Self employed,28.09.2018,6,1570,1,1,0,0,0,0,602,H-Medium Risk,5,4,1,1695692,2186275,2186275,0,0,0,0,0,0,2017,0,2,1,0yrs 7mon,1yrs 6mon,0,0
647023,47849,66636,74.28,130,15218,86,1044,22.09.1979,Self employed,31.10.2018,6,1570,1,0,0,1,0,0,635,G-Low Risk,1,1,0,171164,154000,154000,0,0,0,0,0,0,0,0,0,0,0yrs 9mon,0yrs 9mon,0,0
478968,48323,59115,85,130,20520,45,1044,01.06.1973,Self employed,30.08.2018,6,1570,1,1,0,0,0,0,630,H-Medium Risk,2,0,0,0,0,0,0,0,0,0,0,0,0,0,0,0,1yrs 7mon,2yrs 4mon,1,0
437687,53759,62188,89.25,130,21156,86,1043,16.11.1977,Self employed,14.08.2018,6,1570,1,1,0,0,0,0,741,C-Very Low Risk,7,3,0,1448114,2107179,2107179,0,0,0,0,0,0,8351,0,1,0,0yrs 11mon,1yrs 6mon,0,0
609572,53192,64987,85,130,15118,45,1047,14.08.1994,Salaried,24.10.2018,6,1570,1,0,0,1,0,0,625,H-Medium Risk,1,1,0,16100,36000,36000,0,0,0,0,0,0,1899,0,0,0,2yrs 4mon,2yrs 4mon,0,1
647019,63932,89108,73.84,130,20700,48,1252,06.05.1984,Self employed,31.10.2018,6,1570,1,1,0,0,0,0,0,No Bureau History Available,0,0,0,0,0,0,0,0,0,0,0,0,0,0,0,0,0yrs 0mon,0yrs 0mon,0,1
419837,50303,62188,83.62,130,21156,86,977,17.12.1988,Self employed,03.08.2018,6,1570,1,1,0,0,0,0,628,H-Medium Risk,1,1,0,198482,200000,200000,0,0,0,0,0,0,0,0,1,0,0yrs 4mon,0yrs 4mon,1,0
646536,58509,66736,89.91,130,22637,86,1043,24.07.1995,Salaried,31.10.2018,6,1570,1,1,0,0,0,0,825,A-Very Low Risk,1,0,0,0,0,0,0,0,0,0,0,0,1701,0,0,0,0yrs 6mon,0yrs 6mon,0,0
620937,50303,69498,74.82,130,15196,86,1048,01.01.1982,Self employed,25.10.2018,6,1570,1,1,0,0,0,0,0,No Bureau History Available,0,0,0,0,0,0,0,0,0,0,0,0,0,0,0,0,0yrs 0mon,0yrs 0mon,0,0
518055,50703,67231,77.35,130,15142,86,1047,01.03.1984,Self employed,19.09.2018,6,1570,1,1,0,0,0,0,825,A-Very Low Risk,1,0,0,0,0,0,0,0,0,0,0,0,1986,0,0,0,0yrs 7mon,0yrs 7mon,0,0
608740,55013,65626,86.86,130,22637,86,984,25.12.1968,Self employed,23.10.2018,6,1570,1,0,0,1,0,0,766,B-Very Low Risk,5,1,0,282177,415000,415000,0,0,0,0,0,0,3823,0,0,0,2yrs 1mon,4yrs 10mon,0,0
423589,30984,57155,56.86,130,20520,45,1043,24.04.1991,Salaried,06.08.2018,6,1570,1,1,0,0,0,0,825,A-Very Low Risk,1,0,0,0,0,0,0,0,0,0,0,0,2611,0,0,0,0yrs 6mon,0yrs 6mon,0,0
462596,69597,96230,74.82,130,18312,51,1037,01.06.1958,Salaried,24.08.2018,6,1570,1,0,0,1,0,0,0,No Bureau History Available,0,0,0,0,0,0,0,0,0,0,0,0,0,0,0,0,0yrs 0mon,0yrs 0mon,0,0
535895,48549,71763,69.4,130,21156,86,1045,01.01.1976,Self employed,25.09.2018,6,1570,1,0,0,1,0,0,14,Not Scored: Only a Guarantor,1,0,0,0,0,0,0,0,0,0,0,0,2158,0,0,0,3yrs 10mon,3yrs 10mon,0,0
632676,51553,66636,79.54,130,22637,86,1043,01.06.1972,Self employed,27.10.2018,6,1570,1,1,0,0,0,0,825,A-Very Low Risk,1,0,0,0,0,0,0,0,0,0,0,0,1934,0,0,0,0yrs 6mon,0yrs 6mon,0,1
433219,52303,62192,86.83,130,15218,86,1003,26.03.1977,Salaried,11.08.2018,6,1570,1,1,0,0,0,0,0,No Bureau History Available,0,0,0,0,0,0,0,0,0,0,0,0,0,0,0,0,0yrs 0mon,0yrs 0mon,0,0
438257,54159,62188,89.89,130,21156,86,1043,08.10.1976,Self employed,14.08.2018,6,1570,1,1,0,0,0,0,0,No Bureau History Available,0,0,0,0,0,0,0,0,0,0,0,0,0,0,0,0,0yrs 0mon,0yrs 0mon,0,0
541546,57013,65188,89.89,130,15218,86,1043,14.01.1984,Self employed,27.09.2018,6,1570,1,0,0,1,0,0,300,M-Very High Risk,6,2,2,426977,523263,523263,1,1,1,4683,10935,10935,6824,1563,0,1,1yrs 0mon,2yrs 8mon,1,0
485811,53902,62188,89.57,130,15196,86,1043,01.12.1981,Self employed,31.08.2018,6,1570,1,1,0,0,0,0,657,F-Low Risk,1,1,0,58007,62000,62000,0,0,0,0,0,0,0,0,1,0,0yrs 3mon,0yrs 3mon,0,1
620494,51553,66636,79.54,130,22637,86,1047,23.01.1981,Self employed,25.10.2018,6,1570,1,1,0,0,0,0,809,A-Very Low Risk,9,4,0,941783,1311415,1244559,0,0,0,0,0,0,465614,0,0,0,1yrs 8mon,5yrs 6mon,0,0
591571,53553,65782,83.61,130,15118,45,1050,01.06.1995,Self employed,20.10.2018,6,1570,1,0,0,1,0,0,737,C-Very Low Risk,3,2,0,70560,102189,102189,0,0,0,0,0,0,8383,0,1,0,0yrs 5mon,0yrs 9mon,1,1
427695,53559,62188,88.92,130,21156,86,1063,08.09.1964,Self employed,08.08.2018,6,1570,1,0,0,1,0,0,0,No Bureau History Available,0,0,0,0,0,0,0,0,0,0,0,0,0,0,0,0,0yrs 0mon,0yrs 0mon,0,0
631166,46349,68662,69.91,130,15218,86,1044,27.06.1985,Self employed,27.10.2018,6,1570,1,1,0,0,0,0,825,A-Very Low Risk,2,0,0,0,0,0,0,0,0,0,0,0,0,0,0,0,0yrs 10mon,0yrs 11mon,0,0
504316,29674,65188,47.55,130,22637,86,1045,16.01.1983,Self employed,14.09.2018,6,1570,1,1,0,0,0,0,0,No Bureau History Available,0,0,0,0,0,0,0,0,0,0,0,0,0,0,0,0,0yrs 0mon,0yrs 0mon,0,0
457345,43394,64840,69.4,130,20700,48,1050,22.12.1992,Salaried,22.08.2018,6,1570,1,1,0,0,0,0,825,A-Very Low Risk,2,0,0,0,0,0,0,0,0,0,0,0,0,0,0,0,0yrs 3mon,0yrs 3mon,0,0
522515,54669,65188,85,130,21156,86,1073,21.03.1975,Salaried,20.09.2018,6,1570,1,1,0,0,0,0,0,No Bureau History Available,0,0,0,0,0,0,0,0,0,0,0,0,0,0,0,0,0yrs 0mon,0yrs 0mon,0,0
628063,59997,68793,89.83,130,15118,45,1043,01.06.1974,Salaried,26.10.2018,6,1570,1,0,0,1,0,0,0,No Bureau History Available,0,0,0,0,0,0,0,0,0,0,0,0,0,0,0,0,0yrs 0mon,0yrs 0mon,0,0
527245,57113,68463,84.86,130,15118,45,1043,28.08.1993,Salaried,21.09.2018,6,1570,1,1,0,0,0,0,680,F-Low Risk,4,2,0,18174,22461,22461,0,0,0,0,0,0,6673,0,2,0,0yrs 4mon,0yrs 7mon,1,0
592114,31734,69498,47.48,130,15218,86,1073,02.05.1993,Self employed,20.10.2018,6,1570,1,1,0,0,0,0,722,D-Very Low Risk,12,3,0,239164,331537,331537,0,0,0,0,0,0,1450,0,1,0,0yrs 11mon,1yrs 3mon,0,0
541819,40894,65368,64.25,130,22637,86,1045,29.11.1975,Self employed,27.09.2018,6,1570,1,1,0,0,0,0,710,D-Very Low Risk,2,1,0,35000,35000,35000,0,0,0,0,0,0,1458,0,1,0,0yrs 7mon,1yrs 3mon,1,1
429860,20574,39605,55.55,130,20700,48,1047,09.10.1966,Self employed,09.08.2018,6,1570,1,1,0,0,0,0,760,C-Very Low Risk,2,2,0,645806,871990,871990,0,0,0,0,0,0,7078,0,1,0,0yrs 10mon,1yrs 8mon,0,0
438537,33484,59115,59.21,130,21081,45,1060,22.12.1994,Self employed,14.08.2018,6,1570,1,1,0,0,0,0,0,No Bureau History Available,0,0,0,0,0,0,0,0,0,0,0,0,0,0,0,0,0yrs 0mon,0yrs 0mon,0,0
420317,50303,62188,83.62,130,16310,86,1045,15.06.1990,Salaried,03.08.2018,6,1570,1,1,0,0,0,0,640,G-Low Risk,1,1,0,4300,19500,19500,1,0,0,0,0,0,1625,1065,0,0,1yrs 10mon,3yrs 3mon,0,0
578650,56413,65215,88.94,130,22637,86,1047,01.06.1981,Salaried,15.10.2018,6,1570,1,1,0,0,0,0,825,A-Very Low Risk,1,0,0,0,0,0,0,0,0,0,0,0,1427,0,0,0,0yrs 7mon,0yrs 7mon,0,0
519124,63514,87798,74.6,130,20700,48,1045,22.06.1991,Self employed,19.09.2018,6,1570,1,1,0,0,0,0,17,Not Scored: Not Enough Info available on the customer,1,1,0,84387,90000,90000,0,0,0,0,0,0,6400,0,1,0,0yrs 3mon,0yrs 3mon,0,0
430970,53913,62188,89.89,130,15218,86,1043,18.06.1984,Salaried,10.08.2018,6,1570,1,1,0,0,0,0,0,No Bureau History Available,0,0,0,0,0,0,0,0,0,0,0,0,0,0,0,0,0yrs 0mon,0yrs 0mon,0,0
461991,56259,64552,89.85,130,21156,86,1073,10.10.1992,Self employed,24.08.2018,6,1570,1,0,0,1,0,0,797,B-Very Low Risk,11,3,0,1248071,1619000,1619000,0,0,0,0,0,0,27029,0,0,0,1yrs 7mon,3yrs 11mon,0,0
553038,46864,62188,77.99,130,15196,86,1047,14.11.1989,Self employed,30.09.2018,6,1570,1,0,0,1,0,0,0,No Bureau History Available,0,0,0,0,0,0,0,0,0,0,0,0,0,0,0,0,0yrs 0mon,0yrs 0mon,0,0
554269,46369,62456,76.85,130,21081,45,1050,01.01.1980,Self employed,30.09.2018,6,1570,1,1,0,0,0,0,753,C-Very Low Risk,8,3,0,776058,849143,849143,0,0,0,0,0,0,13457,0,2,0,1yrs 2mon,3yrs 3mon,1,0
427719,42394,56935,77.28,130,20520,45,1043,01.06.1978,Self employed,08.08.2018,6,1570,1,1,0,0,0,0,0,No Bureau History Available,0,0,0,0,0,0,0,0,0,0,0,0,0,0,0,0,0yrs 0mon,0yrs 0mon,0,0
647003,60197,68962,89.9,130,15218,86,1044,01.06.1972,Self employed,31.10.2018,6,1570,1,1,0,0,0,0,0,No Bureau History Available,0,0,0,0,0,0,0,0,0,0,0,0,0,0,0,0,0yrs 0mon,0yrs 0mon,0,0
422687,47349,59115,82.89,130,15118,45,1043,18.02.1982,Self employed,06.08.2018,6,1570,1,1,0,0,0,0,825,A-Very Low Risk,2,1,0,5283,50000,50000,0,0,0,0,0,0,4060,0,0,0,2yrs 1mon,3yrs 3mon,0,0
457129,45645,64840,73.26,130,20700,48,984,02.09.1983,Salaried,22.08.2018,6,1570,1,0,0,1,0,0,0,No Bureau History Available,0,0,0,0,0,0,0,0,0,0,0,0,0,0,0,0,0yrs 0mon,0yrs 0mon,0,0
651640,57509,66636,88.54,130,22637,86,1042,01.03.1989,Salaried,31.10.2018,6,1570,1,0,0,1,0,0,825,A-Very Low Risk,1,0,0,0,0,0,0,0,0,0,0,0,1156,0,0,0,0yrs 7mon,0yrs 7mon,0,1
565551,48798,64987,77.71,130,20520,45,992,01.06.1971,Self employed,09.10.2018,6,1570,1,1,0,0,0,0,0,No Bureau History Available,0,0,0,0,0,0,0,0,0,0,0,0,0,0,0,0,0yrs 0mon,0yrs 0mon,0,0
609317,60697,69498,89.93,130,22637,86,1043,01.06.1988,Self employed,24.10.2018,6,1570,1,0,0,1,0,0,505,K-High Risk,1,1,1,543879,609836,609836,0,0,0,0,0,0,0,0,0,0,5yrs 6mon,5yrs 6mon,0,1
428884,51803,62188,86.03,130,15196,86,1045,13.03.1987,Salaried,09.08.2018,6,1570,1,1,0,0,0,0,717,D-Very Low Risk,8,6,0,1673598,1995749,1753457,0,0,0,0,0,0,7988,0,1,0,3yrs 1mon,9yrs 2mon,0,0
631505,50053,63780,80.75,130,23837,51,1063,01.03.1977,Self employed,27.10.2018,6,1570,1,1,0,0,0,0,688,E-Low Risk,12,7,0,38957,111979,111979,0,0,0,0,0,0,4814,0,3,0,0yrs 11mon,3yrs 3mon,0,0
467365,53854,62188,89.89,130,15218,86,1051,23.06.1991,Self employed,27.08.2018,6,1570,1,1,0,0,0,0,738,C-Very Low Risk,2,1,0,2085,6050,6050,0,0,0,0,0,0,3072,0,1,0,0yrs 5mon,0yrs 7mon,1,0
532726,72774,113766,65.84,130,20700,48,995,11.09.1995,Salaried,24.09.2018,6,1570,1,1,0,0,0,0,0,No Bureau History Available,0,0,0,0,0,0,0,0,0,0,0,0,0,0,0,0,0yrs 0mon,0yrs 0mon,0,0
649725,58447,69804,86.67,130,20520,45,975,03.10.1974,Salaried,31.10.2018,6,1570,1,0,0,1,0,0,774,B-Very Low Risk,2,2,0,16195,101000,101000,0,0,0,0,0,0,5031,0,0,0,1yrs 6mon,2yrs 1mon,0,0
565167,54759,64987,85.4,130,20520,45,1043,11.09.1991,Self employed,09.10.2018,6,1570,1,1,0,0,0,0,738,C-Very Low Risk,1,1,0,4165,12499,12499,0,0,0,0,0,0,0,0,1,0,0yrs 4mon,0yrs 4mon,0,1
540705,53809,65368,84.37,130,15196,86,985,15.07.1995,Self employed,27.09.2018,6,1570,1,1,0,0,0,0,0,No Bureau History Available,0,0,0,0,0,0,0,0,0,0,0,0,0,0,0,0,0yrs 0mon,0yrs 0mon,0,0
489620,72468,100243,74.72,130,18758,48,1043,12.06.1996,Salaried,04.09.2018,6,1570,1,0,0,1,0,0,0,No Bureau History Available,0,0,0,0,0,0,0,0,0,0,0,0,0,0,0,0,0yrs 0mon,0yrs 0mon,3,0
538583,47249,65368,74.2,130,15218,86,995,05.01.1986,Salaried,26.09.2018,6,1570,1,0,0,1,0,0,738,C-Very Low Risk,1,1,0,5960,14900,14900,0,0,0,0,0,0,0,0,1,0,0yrs 4mon,0yrs 4mon,0,1
614238,57763,66373,89.64,130,15118,45,1042,18.11.1987,Salaried,24.10.2018,6,1570,1,0,0,1,0,0,825,A-Very Low Risk,1,0,0,0,0,0,0,0,0,0,0,0,0,0,0,0,1yrs 5mon,1yrs 5mon,0,0
582570,47895,66636,74.28,130,15218,86,1029,10.10.1980,Self employed,16.10.2018,6,1570,1,1,0,0,0,0,300,M-Very High Risk,3,3,3,1501756,1125000,1125000,0,0,0,0,0,0,55538,0,0,0,3yrs 11mon,5yrs 11mon,0,0
552088,57571,69598,85,130,21156,86,1049,09.07.1966,Self employed,30.09.2018,6,1570,1,1,0,1,0,0,15,Not Scored: Sufficient History Not Available,1,1,0,75000,75000,75000,0,0,0,0,0,0,0,0,1,0,0yrs 0mon,0yrs 0mon,1,0
609373,59897,68662,89.86,130,22637,86,1043,16.01.1994,Salaried,24.10.2018,6,1570,1,1,0,0,0,0,620,H-Medium Risk,16,9,0,454832,577021,577021,0,0,0,0,0,0,4318,0,14,0,0yrs 2mon,1yrs 2mon,3,1
593707,57509,66358,88.91,130,15196,86,1047,14.05.1991,Salaried,21.10.2018,6,1570,1,0,0,1,0,0,706,D-Very Low Risk,3,2,0,3019,31169,31169,0,0,0,0,0,0,5175,0,1,1,0yrs 10mon,1yrs 3mon,1,0
607475,53078,66636,82.54,130,22637,86,1043,16.07.1982,Self employed,23.10.2018,6,1570,1,0,0,1,0,0,792,B-Very Low Risk,7,3,0,1429539,1754937,1754937,0,0,0,0,0,0,10422,0,1,0,1yrs 8mon,3yrs 3mon,0,0
527301,50078,68463,74.49,130,15118,45,1253,26.10.1989,Salaried,21.09.2018,6,1570,1,0,0,1,0,0,0,No Bureau History Available,0,0,0,0,0,0,0,0,0,0,0,0,0,0,0,0,0yrs 0mon,0yrs 0mon,0,0
548183,48749,65368,76.49,130,21156,86,1045,01.06.1986,Self employed,29.09.2018,6,1570,1,1,0,0,0,0,749,C-Very Low Risk,4,3,0,706924,1326593,1326593,0,0,0,0,0,0,1614,0,1,0,0yrs 11mon,2yrs 1mon,2,0
467068,48349,62630,79.83,130,22637,86,1044,19.08.1987,Self employed,27.08.2018,6,1570,1,1,0,0,0,0,728,D-Very Low Risk,8,4,0,154021,246753,246753,0,0,0,0,0,0,5945,0,0,0,1yrs 6mon,7yrs 1mon,0,0
516337,54215,65368,84.99,130,21156,86,976,30.04.1994,Self employed,18.09.2018,6,1570,1,0,0,1,0,0,0,No Bureau History Available,0,0,0,0,0,0,0,0,0,0,0,0,0,0,0,0,0yrs 0mon,0yrs 0mon,1,0
631256,49778,66636,77.59,130,22637,86,1047,05.10.1978,Self employed,27.10.2018,6,1570,1,1,0,0,0,0,0,No Bureau History Available,0,0,0,0,0,0,0,0,0,0,0,0,0,0,0,0,0yrs 0mon,0yrs 0mon,0,0
542090,57013,65368,89.65,130,21156,86,990,24.07.1979,Salaried,27.09.2018,6,1570,1,1,0,0,0,0,707,D-Very Low Risk,4,2,0,51552,59961,59961,0,0,0,0,0,0,6933,0,1,0,0yrs 4mon,0yrs 6mon,1,0
612331,47599,66373,73.83,130,20520,45,1051,28.11.1995,Self employed,24.10.2018,6,1570,1,1,0,0,0,0,0,No Bureau History Available,0,0,0,0,0,0,0,0,0,0,0,0,0,0,0,0,0yrs 0mon,0yrs 0mon,0,0
527298,54078,68463,80.34,130,15118,45,1043,14.07.1977,Salaried,21.09.2018,6,1570,1,1,0,0,0,0,0,No Bureau History Available,0,0,0,0,0,0,0,0,0,0,0,0,0,0,0,0,0yrs 0mon,0yrs 0mon,0,0
495080,49068,59115,86.27,130,20520,45,1042,08.11.1984,Salaried,07.09.2018,6,1570,1,0,0,1,0,0,610,H-Medium Risk,3,1,1,14299,40000,40000,0,0,0,0,0,0,5861,0,0,1,1yrs 0mon,2yrs 1mon,0,0
639789,58259,66736,89.91,130,15218,86,1037,01.06.1967,Salaried,30.10.2018,6,1570,1,1,0,0,0,0,709,D-Very Low Risk,5,1,0,380162,420000,420000,0,0,0,0,0,0,0,0,0,0,1yrs 9mon,3yrs 3mon,0,0
609134,43210,66636,67.53,130,22637,86,1043,26.07.1996,Self employed,23.10.2018,6,1570,1,1,0,0,0,0,0,No Bureau History Available,0,0,0,0,0,0,0,0,0,0,0,0,0,0,0,0,0yrs 0mon,0yrs 0mon,1,0
428993,48803,62188,81.21,130,15218,86,1044,27.05.1984,Self employed,09.08.2018,6,1570,1,1,0,0,0,0,0,No Bureau History Available,0,0,0,0,0,0,0,0,0,0,0,0,0,0,0,0,0yrs 0mon,0yrs 0mon,1,0
484817,53854,62188,89.89,130,15218,86,1043,12.10.1971,Self employed,31.08.2018,6,1570,1,1,0,0,0,0,0,No Bureau History Available,0,0,0,0,0,0,0,0,0,0,0,0,0,0,0,0,0yrs 0mon,0yrs 0mon,0,0
584241,49703,64297,79.32,130,15196,86,1043,10.04.1981,Salaried,17.10.2018,6,1570,1,1,0,0,0,0,0,No Bureau History Available,0,0,0,0,0,0,0,0,0,0,0,0,0,0,0,0,0yrs 0mon,0yrs 0mon,0,0
489607,29036,62188,49.04,130,22637,86,1061,08.11.1984,Salaried,04.09.2018,6,1570,1,1,0,0,0,0,0,No Bureau History Available,0,0,0,0,0,0,0,0,0,0,0,0,0,0,0,0,0yrs 0mon,0yrs 0mon,0,0
609505,68873,95422,73.88,130,20700,48,1044,11.10.1997,Salaried,24.10.2018,6,1570,1,1,0,0,0,0,17,Not Scored: Not Enough Info available on the customer,1,1,0,11278,16639,16639,0,0,0,0,0,0,2940,0,1,0,0yrs 2mon,0yrs 2mon,1,0
588491,58013,65564,89.99,130,15118,45,1067,31.01.1987,Salaried,19.10.2018,6,1570,1,1,0,0,0,0,710,D-Very Low Risk,3,1,0,12440,12440,12440,0,0,0,0,0,0,5313,0,1,0,0yrs 4mon,0yrs 6mon,1,0
485327,51246,59115,89.99,130,20520,45,1042,13.10.1981,Self employed,31.08.2018,6,1570,1,0,0,1,0,0,694,E-Low Risk,3,2,0,147040,158761,158761,0,0,0,0,0,0,1786,0,0,0,0yrs 8mon,1yrs 0mon,0,0
646947,44349,66636,69.03,130,15218,86,1043,10.04.1956,Self employed,31.10.2018,6,1570,1,1,0,0,0,0,626,H-Medium Risk,8,2,1,18083,47989,47989,0,0,0,0,0,0,4460,0,1,0,1yrs 1mon,2yrs 4mon,0,0
650234,44049,66636,68.58,130,22637,86,981,05.10.1962,Self employed,31.10.2018,6,1570,1,1,0,0,0,0,653,F-Low Risk,1,1,0,94527,130000,130000,0,0,0,0,0,0,4128,0,0,0,0yrs 11mon,0yrs 11mon,0,0
548718,53403,65368,83.68,130,22637,86,1063,24.05.1992,Self employed,29.09.2018,6,1570,1,1,0,0,0,0,710,D-Very Low Risk,3,1,0,30000,30000,30000,0,0,0,0,0,0,3401,0,1,0,0yrs 4mon,0yrs 7mon,1,1
420493,48749,62188,79.6,130,15218,86,1044,23.02.1995,Self employed,03.08.2018,6,1570,1,1,0,0,0,0,709,D-Very Low Risk,1,1,0,9444,15000,16017,0,0,0,0,0,0,0,0,1,0,0yrs 5mon,0yrs 5mon,0,0
554431,47545,65188,75.17,130,15218,86,1042,25.08.1977,Self employed,30.09.2018,6,1570,1,0,0,1,0,0,701,E-Low Risk,9,3,0,891740,1012855,989031,0,0,0,0,0,0,8912,0,1,0,1yrs 4mon,3yrs 5mon,0,0
608809,62463,71524,89.48,130,22637,86,1042,01.01.1978,Self employed,23.10.2018,6,1570,1,0,0,1,0,0,0,No Bureau History Available,0,0,0,0,0,0,0,0,0,0,0,0,0,0,0,0,0yrs 0mon,0yrs 0mon,0,1
608853,44599,69498,66.19,130,22637,86,1042,27.12.1984,Salaried,23.10.2018,6,1570,1,0,0,1,0,0,0,No Bureau History Available,0,0,0,0,0,0,0,0,0,0,0,0,0,0,0,0,0yrs 0mon,0yrs 0mon,0,0
549403,54222,65368,85,130,15271,86,1037,17.08.1991,Salaried,29.09.2018,6,1570,1,0,0,1,0,0,0,No Bureau History Available,0,0,0,0,0,0,0,0,0,0,0,0,0,0,0,0,0yrs 0mon,0yrs 0mon,0,0
619993,48349,66636,75.03,130,15196,86,1044,06.04.1971,Self employed,25.10.2018,6,1570,1,1,0,0,0,0,738,C-Very Low Risk,3,1,0,8810,23500,23500,0,0,0,0,0,0,960,0,1,0,0yrs 8mon,1yrs 1mon,0,0
620154,47199,66373,73.22,130,15118,45,1045,05.07.1989,Self employed,25.10.2018,6,1570,1,1,0,0,0,0,0,No Bureau History Available,0,0,0,0,0,0,0,0,0,0,0,0,0,0,0,0,0yrs 0mon,0yrs 0mon,0,1
538789,57453,68463,85,130,15118,45,1043,01.06.1965,Salaried,26.09.2018,6,1570,1,1,0,0,0,0,739,C-Very Low Risk,2,1,1,4124,43000,43000,0,0,0,0,0,0,4922,0,0,0,0yrs 10mon,1yrs 9mon,0,0
461916,47650,59115,83.74,130,21081,45,1050,20.12.1974,Salaried,24.08.2018,6,1570,1,0,0,1,0,0,710,D-Very Low Risk,4,1,0,42000,42000,42000,0,0,0,0,0,0,5180,0,1,0,0yrs 10mon,1yrs 10mon,1,0
620526,56263,73672,78.73,130,22637,86,1042,01.06.1968,Salaried,25.10.2018,6,1570,1,1,0,0,0,0,679,F-Low Risk,3,1,0,420820,330000,330000,0,0,0,0,0,0,0,0,0,0,0yrs 11mon,1yrs 6mon,0,0
502741,49303,60478,84.33,130,20520,45,1066,01.02.1982,Salaried,12.09.2018,6,1570,1,0,0,1,0,0,0,No Bureau History Available,0,0,0,0,0,0,0,0,0,0,0,0,0,0,0,0,0yrs 0mon,0yrs 0mon,0,0
459292,53913,62188,89.89,130,22637,86,1045,14.03.1971,Salaried,23.08.2018,6,1570,1,1,0,0,0,0,738,C-Very Low Risk,3,2,0,26578,41990,41990,0,0,0,0,0,0,4919,0,1,0,0yrs 5mon,0yrs 7mon,0,0
539909,52203,65188,82.07,130,15218,86,1064,01.01.1983,Self employed,26.09.2018,6,1570,1,1,0,1,0,0,783,B-Very Low Risk,1,1,0,567780,600000,600000,0,0,0,0,0,0,0,0,0,0,2yrs 2mon,2yrs 2mon,0,0
535528,49293,65188,78.24,130,15196,86,984,19.05.1962,Self employed,25.09.2018,6,1570,1,1,0,0,0,0,783,B-Very Low Risk,5,1,0,2900,31500,31500,0,0,0,0,0,0,114310,0,0,0,1yrs 7mon,4yrs 9mon,0,0
423324,51078,59115,89.66,130,20520,45,1043,01.01.1967,Self employed,06.08.2018,6,1570,1,1,0,0,0,0,0,No Bureau History Available,0,0,0,0,0,0,0,0,0,0,0,0,0,0,0,0,0yrs 0mon,0yrs 0mon,0,0
622665,48803,68662,73.55,130,22637,86,990,04.08.1992,Salaried,26.10.2018,6,1570,1,0,0,1,0,0,470,K-High Risk,12,11,1,676009,893512,872004,0,0,0,0,0,0,7761,0,1,1,1yrs 9mon,4yrs 0mon,0,0
638330,56759,66636,87.79,130,15196,86,1051,05.04.1988,Self employed,29.10.2018,6,1570,1,1,0,0,0,0,653,F-Low Risk,5,3,0,1287052,1598407,1598407,0,0,0,0,0,0,1198,0,1,1,2yrs 2mon,4yrs 1mon,1,0
428242,45349,62188,75.58,130,15196,86,1044,01.06.1974,Self employed,08.08.2018,6,1570,1,0,0,1,0,0,738,C-Very Low Risk,3,2,0,59125,63000,63000,0,0,0,0,0,0,3150,0,2,0,0yrs 9mon,1yrs 11mon,1,1
614878,56270,67954,85,130,15118,45,1042,18.01.1980,Salaried,24.10.2018,6,1570,1,0,0,1,0,0,17,Not Scored: Not Enough Info available on the customer,1,1,0,3750,7313,7313,0,0,0,0,0,0,1293,0,1,0,0yrs 2mon,0yrs 2mon,0,0
430422,48349,66600,75.08,34,18680,45,1073,01.04.1982,Self employed,10.08.2018,6,1943,1,0,0,1,0,0,823,A-Very Low Risk,4,4,0,1074495,1785474,1720755,0,0,0,0,0,0,17630,0,3,0,1yrs 3mon,4yrs 7mon,0,0
431583,48145,60500,82.64,34,18680,45,1083,01.06.1971,Self employed,10.08.2018,6,1943,1,1,0,0,0,0,738,C-Very Low Risk,1,1,0,35808,50000,50000,0,0,0,0,0,0,4004,0,1,0,0yrs 6mon,0yrs 6mon,0,1
426869,48145,58600,85.32,34,18680,45,1002,03.10.1986,Self employed,08.08.2018,6,1943,1,1,0,0,0,0,0,No Bureau History Available,0,0,0,0,0,0,0,0,0,0,0,0,0,0,0,0,0yrs 0mon,0yrs 0mon,0,1
428658,48145,58600,85.32,34,18680,45,1003,01.06.1985,Self employed,09.08.2018,6,1943,1,1,0,0,0,0,730,D-Very Low Risk,6,3,0,9416,92600,92600,1,0,0,0,0,0,7468,1330,1,0,1yrs 6mon,3yrs 4mon,0,1
418738,46145,57100,84.06,34,18680,45,1075,14.02.1980,Self employed,01.08.2018,6,1943,1,1,0,0,0,0,0,No Bureau History Available,0,0,0,0,0,0,0,0,0,0,0,0,0,0,0,0,0yrs 0mon,0yrs 0mon,0,0
431172,48349,58600,85.32,34,18680,45,1083,15.06.1991,Self employed,10.08.2018,6,1943,1,1,0,0,0,0,0,No Bureau History Available,0,0,0,0,0,0,0,0,0,0,0,0,0,0,0,0,0yrs 0mon,0yrs 0mon,0,0
450096,39087,58600,69.44,34,18680,45,1003,25.06.1973,Self employed,20.08.2018,6,1943,1,1,0,0,0,0,0,No Bureau History Available,0,0,0,0,0,0,0,0,0,0,0,0,0,0,0,0,0yrs 0mon,0yrs 0mon,0,0
438848,48145,59200,84.46,34,18680,45,1024,01.06.1991,Salaried,14.08.2018,6,1943,1,1,0,0,0,0,0,No Bureau History Available,0,0,0,0,0,0,0,0,0,0,0,0,0,0,0,0,0yrs 0mon,0yrs 0mon,0,1
497386,32484,60640,56.07,34,18680,45,1019,01.01.1987,Self employed,10.09.2018,6,1835,1,1,0,0,0,0,18,Not Scored: No Updates available in last 36 months,1,0,0,0,0,0,0,0,0,0,0,0,0,0,0,0,3yrs 3mon,3yrs 3mon,0,0
489194,48349,60640,82.45,34,18680,45,1019,01.01.1986,Salaried,04.09.2018,6,1835,1,1,0,0,0,0,685,E-Low Risk,3,1,0,0,39500,39500,0,0,0,0,0,0,0,0,0,0,3yrs 10mon,7yrs 1mon,0,1
578958,48599,66245,75.48,34,18680,45,1019,01.06.1981,Salaried,15.10.2018,6,1835,1,1,0,0,0,0,825,A-Very Low Risk,2,0,0,0,0,0,0,0,0,0,0,0,1816,0,0,0,0yrs 9mon,1yrs 1mon,0,0
617623,44349,66890,68.77,34,18680,45,987,22.06.1979,Self employed,25.10.2018,6,1835,1,1,0,0,0,0,15,Not Scored: Sufficient History Not Available,1,1,0,1850444,1850000,1850000,0,0,0,0,0,0,16349,0,1,0,0yrs 1mon,0yrs 1mon,0,0
595964,44599,65610,70.11,34,18680,45,1019,01.06.1973,Self employed,21.10.2018,6,1835,1,1,0,0,0,0,737,C-Very Low Risk,3,2,0,198174,193000,193000,0,0,0,0,0,0,0,0,0,0,1yrs 4mon,2yrs 1mon,0,1
490289,44145,60640,75.86,34,18680,45,1020,09.02.1992,Self employed,05.09.2018,6,1835,1,1,0,0,0,0,832,A-Very Low Risk,14,0,0,0,0,0,0,0,0,0,0,0,0,0,0,0,0yrs 2mon,0yrs 5mon,0,1
490258,37439,55702,70.02,34,18680,45,1027,01.09.1981,Self employed,05.09.2018,6,1835,1,1,0,0,0,0,662,F-Low Risk,4,1,0,40028,40000,40000,0,0,0,0,0,0,0,0,1,0,0yrs 9mon,1yrs 7mon,0,0
596255,53303,65610,83.83,34,18680,45,1019,13.12.1993,Salaried,21.10.2018,6,1835,1,1,0,0,0,0,599,I-Medium Risk,13,3,0,102818,118999,124176,0,0,0,0,0,0,1584,0,2,1,0yrs 7mon,1yrs 7mon,1,0
646691,46599,64226,74.74,34,18680,45,1030,24.06.1993,Salaried,31.10.2018,6,1835,1,1,0,0,0,0,17,Not Scored: Not Enough Info available on the customer,1,1,0,8326,14990,14990,0,0,0,0,0,0,0,0,1,0,0yrs 2mon,0yrs 2mon,0,1
596371,46145,64226,74.74,34,18680,45,1019,04.10.1991,Salaried,21.10.2018,6,1835,1,1,0,0,0,0,0,No Bureau History Available,0,0,0,0,0,0,0,0,0,0,0,0,0,0,0,0,0yrs 0mon,0yrs 0mon,0,0
473496,42394,60640,72.56,34,18680,45,1028,10.07.1988,Self employed,29.08.2018,6,1835,1,1,0,0,0,0,0,No Bureau History Available,0,0,0,0,0,0,0,0,0,0,0,0,0,0,0,0,0yrs 0mon,0yrs 0mon,0,0
594868,26529,65610,42.68,34,18680,45,1030,01.06.1987,Self employed,21.10.2018,6,1835,1,1,0,0,0,0,0,No Bureau History Available,0,0,0,0,0,0,0,0,0,0,0,0,0,0,0,0,0yrs 0mon,0yrs 0mon,0,0
590133,38689,65610,60.97,34,18680,45,1019,28.07.1995,Self employed,20.10.2018,6,1835,1,1,0,0,0,0,738,C-Very Low Risk,2,1,0,3930,11794,11794,0,0,0,0,0,0,3776,0,1,0,0yrs 5mon,0yrs 6mon,1,0
510963,48349,66500,75.19,34,18680,45,1019,01.06.1997,Salaried,16.09.2018,6,1835,1,1,0,0,0,0,0,No Bureau History Available,0,0,0,0,0,0,0,0,0,0,0,0,0,0,0,0,0yrs 0mon,0yrs 0mon,0,0
486742,42394,60640,72.56,34,18680,45,1030,01.01.1969,Self employed,03.09.2018,6,1835,1,1,0,0,0,0,738,C-Very Low Risk,1,1,0,15057,25000,25000,0,0,0,0,0,0,1960,0,0,0,0yrs 6mon,0yrs 6mon,1,0
648358,46599,64226,74.74,34,18680,45,1027,16.05.1992,Self employed,31.10.2018,6,1835,1,1,0,0,0,0,836,A-Very Low Risk,1,0,0,0,0,0,0,0,0,0,0,0,0,0,0,0,1yrs 11mon,1yrs 11mon,0,0
532910,47349,66510,73.67,34,18680,45,1025,01.01.1965,Self employed,24.09.2018,6,1835,1,1,0,0,0,0,0,No Bureau History Available,0,0,0,0,0,0,0,0,0,0,0,0,0,0,0,0,0yrs 0mon,0yrs 0mon,0,1
504266,45349,60640,77.51,34,18680,45,1019,01.01.1985,Self employed,14.09.2018,6,1835,1,1,0,0,0,0,0,No Bureau History Available,0,0,0,0,0,0,0,0,0,0,0,0,0,0,0,0,0yrs 0mon,0yrs 0mon,0,1
470998,42394,60640,72.56,34,18680,45,1027,01.01.1983,Self employed,28.08.2018,6,1835,1,1,0,0,0,0,0,No Bureau History Available,0,0,0,0,0,0,0,0,0,0,0,0,0,0,0,0,0yrs 0mon,0yrs 0mon,0,0
521300,27529,66500,43.61,34,18680,45,1019,02.09.1990,Self employed,20.09.2018,6,1835,1,1,0,0,0,0,0,No Bureau History Available,0,0,0,0,0,0,0,0,0,0,0,0,0,0,0,0,0yrs 0mon,0yrs 0mon,0,0
558953,47349,66500,73.68,34,18680,45,1019,31.08.1990,Salaried,05.10.2018,6,1835,1,1,0,0,0,0,0,No Bureau History Available,0,0,0,0,0,0,0,0,0,0,0,0,0,0,0,0,0yrs 0mon,0yrs 0mon,0,0
504358,47349,66330,73.87,34,18680,45,1028,01.01.1979,Self employed,14.09.2018,6,1835,1,1,0,0,0,0,300,M-Very High Risk,1,1,1,29900,30000,30000,0,0,0,0,0,0,1620,0,0,0,2yrs 6mon,2yrs 6mon,0,0
588020,51553,64245,82.5,34,18680,45,1019,23.11.1995,Salaried,19.10.2018,6,1835,1,1,0,0,0,0,603,H-Medium Risk,1,0,0,0,0,0,0,0,0,0,0,0,1442,0,0,0,0yrs 10mon,0yrs 10mon,0,0
636949,36439,61504,61.78,34,18680,45,1019,10.11.1989,Self employed,29.10.2018,6,1835,1,1,0,0,0,0,0,No Bureau History Available,0,0,0,0,0,0,0,0,0,0,0,0,0,0,0,0,0yrs 0mon,0yrs 0mon,0,0
489209,29484,55702,55.65,34,18680,45,1030,12.10.1992,Self employed,04.09.2018,6,1835,1,1,0,0,0,0,0,No Bureau History Available,0,0,0,0,0,0,0,0,0,0,0,0,0,0,0,0,0yrs 0mon,0yrs 0mon,0,0
465526,41394,60640,70.91,34,18680,45,1019,30.05.1982,Self employed,26.08.2018,6,1835,1,1,0,0,0,0,832,A-Very Low Risk,1,0,0,0,0,0,0,0,0,0,0,0,0,0,0,0,1yrs 1mon,1yrs 1mon,0,0
635998,48599,66245,75.48,34,18680,45,1070,01.06.1996,Salaried,29.10.2018,6,1835,1,1,0,0,0,0,630,H-Medium Risk,1,1,0,-367,0,0,0,0,0,0,0,0,0,0,0,0,4yrs 0mon,4yrs 0mon,0,0
461239,19574,60640,34.63,34,18680,45,1019,12.05.1995,Self employed,24.08.2018,6,1835,1,1,0,0,0,0,0,No Bureau History Available,0,0,0,0,0,0,0,0,0,0,0,0,0,0,0,0,0yrs 0mon,0yrs 0mon,0,0
505778,48349,65450,76.39,34,18680,45,1019,01.06.1996,Salaried,14.09.2018,6,1835,1,1,0,0,0,0,832,A-Very Low Risk,1,0,0,0,0,0,0,0,0,0,0,0,74,0,0,0,0yrs 9mon,0yrs 9mon,0,1
541238,41394,66500,64.66,34,18680,45,1019,01.06.1974,Salaried,27.09.2018,6,1835,1,1,0,0,0,0,602,H-Medium Risk,8,2,0,273343,250000,250000,0,0,0,0,0,0,1267,0,0,0,1yrs 5mon,3yrs 6mon,0,0
589843,26779,64226,43.6,34,18680,45,1019,26.01.1991,Salaried,20.10.2018,6,1835,1,1,0,0,0,0,738,C-Very Low Risk,2,1,0,3973,7951,7951,0,0,0,0,0,0,3678,0,1,0,0yrs 6mon,0yrs 10mon,1,1
510981,46349,65450,73.34,34,18680,45,1019,13.02.1990,Salaried,16.09.2018,6,1835,1,1,0,0,0,0,0,No Bureau History Available,0,0,0,0,0,0,0,0,0,0,0,0,0,0,0,0,0yrs 0mon,0yrs 0mon,0,0
618097,49553,67430,75.63,34,18680,45,1027,22.09.1996,Self employed,25.10.2018,6,1835,1,1,0,0,0,0,0,No Bureau History Available,0,0,0,0,0,0,0,0,0,0,0,0,0,0,0,0,0yrs 0mon,0yrs 0mon,0,0
522479,50303,66500,78.2,34,18680,45,1027,13.02.1992,Self employed,20.09.2018,6,1835,1,1,0,0,0,0,0,No Bureau History Available,0,0,0,0,0,0,0,0,0,0,0,0,0,0,0,0,0yrs 0mon,0yrs 0mon,0,1
596281,53303,65610,83.83,34,18680,45,1028,01.06.1973,Salaried,21.10.2018,6,1835,1,1,0,0,0,0,825,A-Very Low Risk,1,0,0,0,0,0,0,0,0,0,0,0,1563,0,0,0,0yrs 6mon,0yrs 6mon,0,0
636581,41394,65610,65.54,34,18680,45,1020,23.12.1996,Salaried,29.10.2018,6,1835,1,1,0,0,0,0,0,No Bureau History Available,0,0,0,0,0,0,0,0,0,0,0,0,0,0,0,0,0yrs 0mon,0yrs 0mon,0,0
481417,47349,60640,80.8,34,18680,45,1019,01.01.1975,Self employed,31.08.2018,6,1835,1,1,0,0,0,0,0,No Bureau History Available,0,0,0,0,0,0,0,0,0,0,0,0,0,0,0,0,0yrs 0mon,0yrs 0mon,0,0
580181,46599,64226,74.74,34,18680,45,1019,20.02.1994,Salaried,15.10.2018,6,1835,1,1,0,0,0,0,825,A-Very Low Risk,1,0,0,0,0,0,0,0,0,0,0,0,3428,0,0,0,0yrs 6mon,0yrs 6mon,0,0
489139,22574,60640,39.58,34,18680,45,1030,04.04.1996,Salaried,04.09.2018,6,1835,1,1,0,0,0,0,738,C-Very Low Risk,2,1,0,3646,10946,10946,0,0,0,0,0,0,3287,0,1,0,0yrs 5mon,0yrs 6mon,0,0
478418,43394,60640,74.21,34,18680,45,1028,30.09.1993,Salaried,30.08.2018,6,1835,1,1,0,0,0,0,0,No Bureau History Available,0,0,0,0,0,0,0,0,0,0,0,0,0,0,0,0,0yrs 0mon,0yrs 0mon,0,0
498618,44349,61654,74.61,34,18680,45,1019,01.01.1973,Salaried,10.09.2018,6,1835,1,1,0,0,0,0,825,A-Very Low Risk,1,0,0,0,0,0,0,0,0,0,0,0,1314,0,0,0,0yrs 6mon,0yrs 6mon,0,0
597809,50303,64226,80.96,34,18680,45,1019,03.07.1997,Salaried,22.10.2018,6,1835,1,1,0,0,0,0,15,Not Scored: Sufficient History Not Available,1,1,0,4930,20000,20000,0,0,0,0,0,0,0,0,1,0,0yrs 1mon,0yrs 1mon,0,0
497316,45349,60640,77.51,34,18680,45,1019,01.01.1987,Self employed,10.09.2018,6,1835,1,1,0,0,0,0,0,No Bureau History Available,0,0,0,0,0,0,0,0,0,0,0,0,0,0,0,0,0yrs 0mon,0yrs 0mon,0,0
595262,46599,64226,74.74,34,18680,45,1030,24.04.1995,Salaried,21.10.2018,6,1835,1,1,0,0,0,0,0,No Bureau History Available,0,0,0,0,0,0,0,0,0,0,0,0,0,0,0,0,0yrs 0mon,0yrs 0mon,1,1
449927,37439,54516,71.54,34,18680,45,1019,11.01.1983,Salaried,20.08.2018,6,1835,1,1,0,0,0,0,825,A-Very Low Risk,1,0,0,0,0,0,0,0,0,0,0,0,1680,0,0,0,0yrs 6mon,0yrs 6mon,1,0
437967,41394,59300,72.51,34,18680,45,1019,01.06.1977,Salaried,14.08.2018,6,1835,1,1,0,0,0,0,627,H-Medium Risk,3,1,0,18664,28000,28000,0,0,0,0,0,0,2452,0,1,0,0yrs 5mon,1yrs 1mon,0,0
620796,51553,64226,82.52,34,18680,45,1025,02.02.1985,Self employed,25.10.2018,6,1835,1,1,0,0,0,0,684,E-Low Risk,4,2,0,804635,1411625,1411625,0,0,0,0,0,0,44794,0,0,0,2yrs 8mon,3yrs 11mon,0,1
515837,47349,61845,79.23,34,18680,45,1019,11.02.1974,Salaried,18.09.2018,6,1835,1,1,0,0,0,0,819,A-Very Low Risk,2,2,0,524732,700631,571904,0,0,0,0,0,0,6039,0,1,0,1yrs 11mon,3yrs 5mon,0,0
587842,46599,64095,74.89,34,18680,45,1019,17.12.1996,Self employed,19.10.2018,6,1835,1,1,0,0,0,0,0,No Bureau History Available,0,0,0,0,0,0,0,0,0,0,0,0,0,0,0,0,0yrs 0mon,0yrs 0mon,0,0
495483,32484,60640,56.07,34,18680,45,1027,01.06.1980,Self employed,07.09.2018,6,1835,1,0,0,1,0,0,392,K-High Risk,1,1,1,6237,56000,56000,0,0,0,0,0,0,0,0,0,1,2yrs 10mon,2yrs 10mon,0,0
579337,49553,66245,76.99,34,18680,45,1030,01.01.1970,Salaried,15.10.2018,6,1835,1,1,0,0,0,0,0,No Bureau History Available,0,0,0,0,0,0,0,0,0,0,0,0,0,0,0,0,0yrs 0mon,0yrs 0mon,0,0
596067,31484,67630,48.79,34,18680,45,1019,24.10.1971,Self employed,21.10.2018,6,1835,1,1,0,0,0,0,0,No Bureau History Available,0,0,0,0,0,0,0,0,0,0,0,0,0,0,0,0,0yrs 0mon,0yrs 0mon,0,1
426088,42394,60640,72.56,34,18680,45,1019,24.09.1996,Self employed,07.08.2018,6,1835,1,1,0,0,0,0,15,Not Scored: Sufficient History Not Available,1,1,0,13628,15900,15900,0,0,0,0,0,0,2391,0,1,0,0yrs 1mon,0yrs 1mon,1,0
596540,52303,65610,82.3,34,18680,45,1019,12.05.1964,Salaried,21.10.2018,6,1835,1,1,0,0,0,0,738,C-Very Low Risk,1,1,0,5555,15200,15200,0,0,0,0,0,0,1267,0,0,0,4yrs 10mon,4yrs 10mon,0,0
460140,46349,57157,83.98,34,18680,45,1027,01.10.1996,Salaried,23.08.2018,6,1835,1,1,0,0,0,0,825,A-Very Low Risk,1,0,0,0,0,0,0,0,0,0,0,0,1482,0,0,0,0yrs 6mon,0yrs 6mon,0,0
463471,37439,60640,64.31,34,18680,45,1019,01.06.1967,Self employed,25.08.2018,6,1835,1,1,0,0,0,0,687,E-Low Risk,4,2,0,241595,524379,524379,0,0,0,0,0,0,0,0,0,0,1yrs 8mon,3yrs 0mon,0,0
451638,42394,60640,72.56,34,18680,45,1019,01.01.1972,Self employed,21.08.2018,6,1835,1,1,0,0,0,0,14,Not Scored: Only a Guarantor,1,1,1,116600,158000,158000,0,0,0,0,0,0,0,0,0,0,2yrs 2mon,2yrs 2mon,0,0
478345,42394,60640,72.56,34,18680,45,1027,25.10.1991,Salaried,30.08.2018,6,1835,1,0,0,1,0,0,825,A-Very Low Risk,2,0,0,0,0,0,0,0,0,0,0,0,3491,0,0,1,0yrs 6mon,0yrs 6mon,1,0
579365,48599,66245,75.48,34,18680,45,1023,01.01.1982,Salaried,15.10.2018,6,1835,1,1,0,0,0,0,15,Not Scored: Sufficient History Not Available,3,3,0,1508863,1345000,1345000,0,0,0,0,0,0,6745,0,2,0,0yrs 1mon,0yrs 1mon,1,0
595946,46599,64226,74.74,34,18680,45,1027,01.01.1981,Salaried,21.10.2018,6,1835,1,1,0,0,0,0,585,I-Medium Risk,1,0,0,0,0,0,0,0,0,0,0,0,0,0,0,0,2yrs 1mon,2yrs 1mon,0,1
595218,46599,64226,74.74,34,18680,45,1019,01.06.1989,Self employed,21.10.2018,6,1835,1,1,0,0,0,0,643,G-Low Risk,3,2,0,20862,470000,470000,0,0,0,0,0,0,19107,0,0,0,1yrs 1mon,2yrs 2mon,0,0
461457,47349,60640,80.8,34,18680,45,1030,18.06.1994,Salaried,24.08.2018,6,1835,1,1,0,0,0,0,738,C-Very Low Risk,1,1,0,3117,9353,9353,0,0,0,0,0,0,1559,0,1,0,0yrs 4mon,0yrs 4mon,1,0
648809,50553,66245,78.5,34,18680,45,1027,25.09.1994,Salaried,31.10.2018,6,1835,1,1,0,0,0,0,0,No Bureau History Available,0,0,0,0,0,0,0,0,0,0,0,0,0,0,0,0,0yrs 0mon,0yrs 0mon,0,0
595694,44599,66245,69.44,34,18680,45,1020,01.06.1976,Self employed,21.10.2018,6,1835,1,1,0,0,0,0,16,Not Scored: No Activity seen on the customer (Inactive),1,0,0,0,0,0,0,0,0,0,0,0,0,0,0,0,1yrs 11mon,1yrs 11mon,0,0
451730,42394,60640,72.56,34,18680,45,1020,01.06.1965,Self employed,21.08.2018,6,1835,1,1,0,0,0,0,0,No Bureau History Available,0,0,0,0,0,0,0,0,0,0,0,0,0,0,0,0,0yrs 0mon,0yrs 0mon,0,0
514287,47349,61340,79.88,34,18680,45,1027,12.06.1997,Salaried,18.09.2018,6,1835,1,0,0,1,0,0,0,No Bureau History Available,0,0,0,0,0,0,0,0,0,0,0,0,0,0,0,0,0yrs 0mon,0yrs 0mon,0,1
496918,28529,56000,53.57,34,18680,45,1019,27.01.1982,Self employed,08.09.2018,6,1835,1,1,0,0,0,0,727,D-Very Low Risk,7,2,0,1003590,998000,998000,0,0,0,0,0,0,0,0,0,0,0yrs 6mon,1yrs 0mon,0,0
590095,46599,64226,74.74,34,18680,45,1029,01.01.1968,Self employed,20.10.2018,6,1835,1,1,0,0,0,0,0,No Bureau History Available,0,0,0,0,0,0,0,0,0,0,0,0,0,0,0,0,0yrs 0mon,0yrs 0mon,0,0
637962,36439,64226,59.17,34,18680,45,1019,18.09.1994,Self employed,29.10.2018,6,1835,1,1,0,0,0,0,0,No Bureau History Available,0,0,0,0,0,0,0,0,0,0,0,0,0,0,0,0,0yrs 0mon,0yrs 0mon,0,1
644186,26529,64226,43.6,34,18680,45,1019,07.05.1975,Self employed,30.10.2018,6,1835,1,1,0,0,0,0,18,Not Scored: No Updates available in last 36 months,1,0,0,0,0,0,0,0,0,0,0,0,0,0,0,0,2yrs 7mon,2yrs 7mon,0,0
636512,46599,64226,74.74,34,18680,45,1019,01.06.1992,Self employed,29.10.2018,6,1835,1,1,0,0,0,0,768,B-Very Low Risk,3,1,0,0,15600,15600,0,0,0,0,0,0,0,0,0,0,0yrs 10mon,1yrs 1mon,0,0
589852,47599,64226,76.29,34,18680,45,1029,01.01.1986,Self employed,20.10.2018,6,1835,1,1,0,0,0,0,14,Not Scored: Only a Guarantor,1,1,0,17378,112000,112000,0,0,0,0,0,0,0,0,0,0,2yrs 9mon,2yrs 9mon,0,1
589426,53553,67630,81.32,34,18680,45,1020,01.06.1980,Self employed,19.10.2018,6,1835,1,1,0,0,0,0,660,F-Low Risk,13,6,0,13020,189690,189690,0,0,0,0,0,0,15879,0,0,0,1yrs 2mon,3yrs 3mon,0,1
580255,51553,67630,78.37,34,18680,45,1019,01.01.1989,Self employed,15.10.2018,6,1835,1,1,0,0,0,0,0,No Bureau History Available,0,0,0,0,0,0,0,0,0,0,0,0,0,0,0,0,0yrs 0mon,0yrs 0mon,0,0
596426,42644,65610,67.06,34,18680,45,1020,15.12.1976,Self employed,21.10.2018,6,1835,1,1,0,0,0,0,0,No Bureau History Available,0,0,0,0,0,0,0,0,0,0,0,0,0,0,0,0,0yrs 0mon,0yrs 0mon,0,0
613680,53578,64374,84.66,34,15118,45,1045,30.06.1971,Self employed,24.10.2018,6,864,1,1,0,0,0,0,628,H-Medium Risk,10,4,0,84125,127000,127000,0,0,0,0,0,0,11177,0,1,0,1yrs 2mon,2yrs 1mon,2,0
600315,48349,66283,73.93,34,15142,86,1045,11.06.1970,Salaried,22.10.2018,6,864,1,1,0,0,0,0,705,E-Low Risk,10,4,0,11848,58265,58265,0,0,0,0,0,0,12546,0,1,0,1yrs 4mon,3yrs 7mon,0,0
534598,53078,68351,79,34,15142,86,1060,04.06.1995,Salaried,25.09.2018,6,864,1,1,0,0,0,0,0,No Bureau History Available,0,0,0,0,0,0,0,0,0,0,0,0,0,0,0,0,0yrs 0mon,0yrs 0mon,0,0
596205,57259,76504,75.81,34,15142,86,1050,27.08.1993,Salaried,21.10.2018,6,864,1,0,0,0,1,0,825,A-Very Low Risk,1,0,0,0,0,0,0,0,0,0,0,0,1234,0,0,0,0yrs 6mon,0yrs 6mon,0,0
472651,43394,61865,72.74,34,15142,86,990,01.01.1990,Self employed,29.08.2018,6,864,1,0,1,0,0,0,0,No Bureau History Available,0,0,0,0,0,0,0,0,0,0,0,0,0,0,0,0,0yrs 0mon,0yrs 0mon,0,0
538137,57505,68814,85,34,15142,86,1073,01.01.1977,Self employed,26.09.2018,6,864,1,1,0,0,0,0,680,F-Low Risk,8,6,0,78250,121049,121049,0,0,0,0,0,0,3966,0,6,0,0yrs 3mon,0yrs 9mon,1,0
588824,47349,65368,73.43,34,15142,86,1050,16.07.1994,Salaried,19.10.2018,6,864,1,1,0,0,0,0,738,C-Very Low Risk,3,1,0,6994,13990,13990,0,0,0,0,0,0,3701,0,2,0,0yrs 5mon,0yrs 6mon,2,0
429990,34939,63881,56.35,34,15142,86,978,29.12.1979,Self employed,09.08.2018,6,864,1,1,0,0,0,0,792,B-Very Low Risk,2,1,0,18665,32000,32000,0,0,0,0,0,0,0,0,1,0,1yrs 10mon,3yrs 7mon,0,0
451761,55513,63881,89.07,34,15142,86,1043,16.10.1975,Self employed,21.08.2018,6,864,1,1,0,0,0,0,651,F-Low Risk,13,8,0,340926,422390,427656,0,0,0,0,0,0,16646,0,4,0,0yrs 10mon,2yrs 0mon,0,0
500693,45849,65368,73.43,34,15142,86,974,22.03.1968,Self employed,12.09.2018,6,864,1,1,0,0,0,0,797,B-Very Low Risk,7,1,0,0,28890,28890,0,0,0,0,0,0,0,0,0,0,1yrs 7mon,4yrs 11mon,0,0
424541,48849,62165,80.43,34,15142,86,992,28.04.1991,Salaried,06.08.2018,6,864,1,0,0,0,0,1,0,No Bureau History Available,0,0,0,0,0,0,0,0,0,0,0,0,0,0,0,0,0yrs 0mon,0yrs 0mon,0,0
524894,58759,66277,89.77,34,15142,86,1043,12.01.1986,Self employed,21.09.2018,6,864,1,1,0,0,0,0,710,D-Very Low Risk,3,3,0,17946,33546,33546,0,0,0,0,0,0,0,0,2,0,0yrs 4mon,1yrs 0mon,0,0
596627,39439,66283,60.35,34,15142,86,1045,05.05.1993,Salaried,21.10.2018,6,864,1,1,0,0,0,0,0,No Bureau History Available,0,0,0,0,0,0,0,0,0,0,0,0,0,0,0,0,0yrs 0mon,0yrs 0mon,0,1
445417,48849,71618,69.81,34,15142,86,1046,09.01.1996,Salaried,17.08.2018,6,864,1,0,0,1,0,0,0,No Bureau History Available,0,0,0,0,0,0,0,0,0,0,0,0,0,0,0,0,0yrs 0mon,0yrs 0mon,0,0
533395,43210,68630,64.11,34,15142,86,1043,06.06.1971,Self employed,24.09.2018,6,864,1,1,0,0,0,0,300,M-Very High Risk,11,8,2,1215548,1369093,1369093,0,0,0,0,0,0,27262,0,2,0,1yrs 4mon,3yrs 8mon,0,0
596325,48349,66283,73.93,34,15142,86,990,12.10.1979,Self employed,21.10.2018,6,864,1,1,0,0,0,0,733,D-Very Low Risk,4,3,0,0,31348,31348,0,0,0,0,0,0,0,0,0,0,0yrs 10mon,1yrs 7mon,0,0
621251,36439,69989,52.87,34,15142,86,1047,04.05.1996,Self employed,25.10.2018,6,864,1,1,0,0,0,0,726,D-Very Low Risk,24,4,0,39452,113880,113880,0,0,0,0,0,0,4581,0,3,0,0yrs 2mon,1yrs 1mon,0,0
582248,76079,103767,74.2,34,15142,86,1045,21.10.1978,Salaried,16.10.2018,6,864,1,1,0,0,0,0,17,Not Scored: Not Enough Info available on the customer,1,1,1,53935,44000,44000,0,0,0,0,0,0,0,0,1,1,0yrs 1mon,0yrs 1mon,0,0
580299,55013,66283,84.49,34,15142,86,985,08.02.1975,Salaried,15.10.2018,6,864,1,1,0,0,0,0,738,C-Very Low Risk,3,3,0,6994,31925,31925,0,0,0,0,0,0,0,0,1,0,0yrs 9mon,1yrs 0mon,0,0
428548,53578,61865,88.9,34,15142,86,1045,16.12.1991,Salaried,08.08.2018,6,864,1,1,0,0,0,0,774,B-Very Low Risk,2,1,0,7964,46100,46100,0,0,0,0,0,0,2815,0,0,0,1yrs 7mon,2yrs 8mon,0,0
600792,47349,65162,73.66,34,15142,86,1030,01.01.1988,Salaried,22.10.2018,6,864,1,1,0,0,0,0,0,No Bureau History Available,0,0,0,0,0,0,0,0,0,0,0,0,0,0,0,0,0yrs 0mon,0yrs 0mon,0,1
580016,59235,70927,85,34,15142,86,1043,16.09.1982,Self employed,15.10.2018,6,864,1,1,0,0,0,0,738,C-Very Low Risk,7,3,0,77106,105000,105000,0,0,0,0,0,0,14002,0,2,0,1yrs 2mon,2yrs 1mon,2,0
613406,33584,57941,58.85,34,15142,86,1043,31.07.1989,Salaried,24.10.2018,6,864,1,1,0,0,0,0,0,No Bureau History Available,0,0,0,0,0,0,0,0,0,0,0,0,0,0,0,0,0yrs 0mon,0yrs 0mon,0,0
469847,33739,61866,57.06,34,15142,86,1045,06.06.1984,Salaried,28.08.2018,6,864,1,1,0,0,0,0,17,Not Scored: Not Enough Info available on the customer,1,1,0,60966,100000,100000,0,0,0,0,0,0,0,0,0,0,0yrs 6mon,0yrs 6mon,0,0
621209,55213,71394,78.72,34,15142,86,1043,11.06.1992,Salaried,25.10.2018,6,864,1,1,0,0,0,0,0,No Bureau History Available,0,0,0,0,0,0,0,0,0,0,0,0,0,0,0,0,0yrs 0mon,0yrs 0mon,1,0
580383,44394,68309,65.88,34,15142,86,1043,03.05.1974,Salaried,15.10.2018,6,864,1,1,0,0,0,0,796,B-Very Low Risk,4,3,0,372880,549434,500552,0,0,0,0,0,0,0,0,1,0,0yrs 11mon,1yrs 3mon,0,0
548347,40394,65368,62.72,34,15142,86,975,01.08.1989,Self employed,29.09.2018,6,864,1,1,0,0,0,0,0,No Bureau History Available,0,0,0,0,0,0,0,0,0,0,0,0,0,0,0,0,0yrs 0mon,0yrs 0mon,0,0
581628,61213,70459,87.99,34,15142,86,990,29.03.1991,Salaried,16.10.2018,6,864,1,1,0,0,0,0,825,A-Very Low Risk,2,0,0,0,0,0,0,0,0,0,0,0,1714,0,0,0,1yrs 10mon,3yrs 2mon,0,0
595490,58459,72865,81.25,34,15142,86,1045,25.04.1987,Salaried,21.10.2018,6,864,1,1,0,0,0,0,611,H-Medium Risk,5,4,0,77309,163762,137617,0,0,0,0,0,0,0,0,2,0,2yrs 8mon,6yrs 10mon,0,0
582173,47349,66283,72.42,34,15142,86,1045,25.06.1980,Salaried,16.10.2018,6,864,1,1,0,0,0,0,0,No Bureau History Available,0,0,0,0,0,0,0,0,0,0,0,0,0,0,0,0,0yrs 0mon,0yrs 0mon,0,0
445474,47849,61865,79.2,34,15142,86,1042,01.06.1973,Self employed,17.08.2018,6,864,1,0,0,1,0,0,0,No Bureau History Available,0,0,0,0,0,0,0,0,0,0,0,0,0,0,0,0,0yrs 0mon,0yrs 0mon,0,0
442769,35939,61865,59.81,34,15142,86,1043,01.06.1976,Self employed,16.08.2018,6,864,1,1,0,0,0,0,825,A-Very Low Risk,1,0,0,0,0,0,0,0,0,0,0,0,1149,0,0,0,0yrs 6mon,0yrs 6mon,0,0
595503,34939,66283,53.56,34,15142,86,1043,05.01.1983,Salaried,21.10.2018,6,864,1,1,0,0,0,0,771,B-Very Low Risk,1,1,0,990091,1000000,1000000,0,0,0,0,0,0,0,0,0,0,0yrs 7mon,0yrs 7mon,0,0
642710,49349,66320,75.39,34,15142,86,1050,28.08.1985,Salaried,30.10.2018,6,864,1,1,0,0,0,0,0,No Bureau History Available,0,0,0,0,0,0,0,0,0,0,0,0,0,0,0,0,0yrs 0mon,0yrs 0mon,0,0
535905,37941,69748,57.35,34,15142,86,1043,05.04.1992,Self employed,25.09.2018,6,864,1,1,0,0,0,0,708,D-Very Low Risk,12,2,0,63097,87490,87490,0,0,0,0,0,0,5389,0,1,0,0yrs 8mon,1yrs 2mon,1,0
469016,46049,61865,77.27,34,15142,86,1043,26.11.1957,Self employed,28.08.2018,6,864,1,1,0,0,0,0,18,Not Scored: No Updates available in last 36 months,3,0,0,0,0,0,0,0,0,0,0,0,7638,0,0,0,3yrs 8mon,6yrs 3mon,0,0
580370,48949,68309,72.61,34,15142,86,1047,21.04.1984,Self employed,15.10.2018,6,864,1,1,0,0,0,0,656,F-Low Risk,11,6,0,90828,375780,375780,0,0,0,0,0,0,0,0,3,0,1yrs 1mon,4yrs 5mon,0,1
453142,50603,61865,83.73,34,15142,86,1044,10.12.1991,Self employed,21.08.2018,6,864,1,1,0,0,0,0,586,I-Medium Risk,5,1,0,0,0,0,0,0,0,0,0,0,4608,0,1,0,1yrs 1mon,2yrs 6mon,0,0
472895,49303,64181,79.46,34,15142,86,1043,01.06.1963,Self employed,29.08.2018,6,864,1,0,0,1,0,0,708,D-Very Low Risk,2,1,0,242336,422571,422571,0,0,0,0,0,0,29,0,0,0,1yrs 3mon,1yrs 11mon,0,0
442584,47849,61865,79.2,34,15142,86,985,26.04.1991,Salaried,16.08.2018,6,864,1,1,0,0,0,0,15,Not Scored: Sufficient History Not Available,1,1,0,10271,10271,10271,0,0,0,0,0,0,1789,0,1,0,0yrs 0mon,0yrs 0mon,1,1
642460,51303,65783,79.05,34,15142,86,990,01.06.1962,Salaried,30.10.2018,6,864,1,1,0,0,0,0,671,F-Low Risk,8,6,2,1379425,2010458,2010458,0,0,0,0,0,0,0,0,2,0,1yrs 3mon,3yrs 8mon,0,0
613955,39439,68309,58.56,34,15142,86,1043,06.01.1993,Salaried,24.10.2018,6,864,1,1,0,0,0,0,0,No Bureau History Available,0,0,0,0,0,0,0,0,0,0,0,0,0,0,0,0,0yrs 0mon,0yrs 0mon,0,0
595811,52303,66543,79.65,34,15142,86,1044,08.02.1980,Self employed,21.10.2018,6,864,1,0,0,0,1,0,839,A-Very Low Risk,2,0,0,0,0,0,0,0,0,0,0,0,2950,0,0,0,0yrs 7mon,0yrs 11mon,0,0
508035,47649,65368,73.89,34,15142,86,1043,01.06.1962,Self employed,15.09.2018,6,864,1,1,0,0,0,0,18,Not Scored: No Updates available in last 36 months,1,0,0,0,0,0,0,0,0,0,0,0,0,0,0,0,2yrs 6mon,2yrs 6mon,0,0
498218,55059,65368,87.5,34,15142,86,1047,12.04.1962,Self employed,10.09.2018,6,864,1,1,0,0,0,0,749,C-Very Low Risk,11,4,0,92779,540099,540099,0,0,0,0,0,0,15240,0,1,0,1yrs 10mon,4yrs 10mon,0,0
596385,56481,67320,85,34,15142,86,984,23.11.1970,Self employed,21.10.2018,6,864,1,1,0,0,0,0,0,No Bureau History Available,0,0,0,0,0,0,0,0,0,0,0,0,0,0,0,0,0yrs 0mon,0yrs 0mon,0,1
614241,51603,58478,89.44,34,15142,86,1043,30.07.1994,Self employed,24.10.2018,6,864,1,1,0,0,0,0,825,A-Very Low Risk,2,0,0,0,0,0,0,0,0,0,0,0,2685,0,0,0,0yrs 6mon,0yrs 7mon,0,0
500684,49803,65368,79.55,34,15142,86,1045,30.11.1969,Self employed,11.09.2018,6,864,1,1,0,0,0,0,738,C-Very Low Risk,4,2,0,29664,62555,62555,0,0,0,0,0,0,0,0,0,0,1yrs 1mon,1yrs 9mon,0,0
428488,52803,68413,78.93,34,15142,86,1043,01.01.1963,Self employed,08.08.2018,6,864,1,1,0,0,0,0,650,G-Low Risk,4,2,0,482320,830000,830000,0,0,0,0,0,0,11500,0,0,0,2yrs 7mon,5yrs 2mon,0,0
443240,53803,62034,88.66,34,15142,86,1045,01.01.1972,Self employed,17.08.2018,6,864,1,1,0,0,0,0,0,No Bureau History Available,0,0,0,0,0,0,0,0,0,0,0,0,0,0,0,0,0yrs 0mon,0yrs 0mon,0,1
493605,56759,67151,87.86,34,15142,86,984,01.01.1975,Salaried,06.09.2018,6,864,1,0,0,1,0,0,825,A-Very Low Risk,3,0,0,0,0,0,0,0,0,0,0,0,5010,0,0,0,0yrs 9mon,1yrs 3mon,0,0
445734,44645,66168,69.52,34,15142,86,1043,01.10.1962,Salaried,17.08.2018,6,864,1,1,0,0,0,0,0,No Bureau History Available,0,0,0,0,0,0,0,0,0,0,0,0,0,0,0,0,0yrs 0mon,0yrs 0mon,0,0
430203,51803,62165,85.26,34,15142,86,984,05.02.1986,Self employed,09.08.2018,6,864,1,1,0,0,0,0,615,H-Medium Risk,3,0,0,0,0,0,0,0,0,0,0,0,123,0,0,1,0yrs 8mon,0yrs 9mon,0,0
482192,43710,71618,62.83,34,15142,86,1043,20.11.1994,Salaried,31.08.2018,6,864,1,0,0,0,1,0,0,No Bureau History Available,0,0,0,0,0,0,0,0,0,0,0,0,0,0,0,0,0yrs 0mon,0yrs 0mon,0,0
582303,60213,78248,77.96,34,15142,86,1043,01.01.1983,Self employed,16.10.2018,6,864,1,1,0,0,0,0,0,No Bureau History Available,0,0,0,0,0,0,0,0,0,0,0,0,0,0,0,0,0yrs 0mon,0yrs 0mon,1,0
596349,49803,66683,75.73,34,15142,86,1044,01.04.1970,Self employed,21.10.2018,6,864,1,1,0,0,0,0,824,A-Very Low Risk,2,2,0,64,23111,3598,0,0,0,0,0,0,0,0,0,0,9yrs 10mon,13yrs 2mon,0,0
533748,58913,69742,85.89,34,15142,86,1045,16.04.1993,Salaried,25.09.2018,6,864,1,1,0,0,0,0,825,A-Very Low Risk,1,0,0,0,0,0,0,0,0,0,0,0,1550,0,0,0,0yrs 6mon,0yrs 6mon,1,0
626285,79866,106743,77.29,34,15142,86,1045,05.12.1993,Self employed,26.10.2018,6,864,1,1,0,0,0,0,15,Not Scored: Sufficient History Not Available,1,1,0,12990,12990,12990,0,0,0,0,0,0,0,0,1,0,0yrs 0mon,0yrs 0mon,0,0
423254,47145,68884,70.41,34,15142,86,1045,01.11.1989,Salaried,06.08.2018,6,864,1,1,0,0,0,0,623,H-Medium Risk,8,5,0,367836,508990,484882,0,0,0,0,0,0,0,0,2,0,0yrs 11mon,1yrs 11mon,0,0
549109,45349,64987,70.78,34,15118,45,990,07.03.1992,Salaried,29.09.2018,6,864,1,1,0,0,0,0,763,B-Very Low Risk,1,1,0,2000,13990,13990,0,0,0,0,0,0,1749,0,0,0,0yrs 7mon,0yrs 7mon,0,0
613856,40994,70459,59.04,34,15142,86,984,01.03.1984,Salaried,24.10.2018,6,864,1,1,0,0,0,0,710,D-Very Low Risk,2,1,0,20000,20000,20000,0,0,0,0,0,0,3786,0,1,0,0yrs 3mon,0yrs 7mon,1,0
535150,54824,65668,84.99,34,15142,86,1043,01.01.1981,Salaried,25.09.2018,6,864,1,1,0,0,0,0,825,A-Very Low Risk,3,0,0,0,0,0,0,0,0,0,0,0,1760,0,0,0,1yrs 7mon,2yrs 1mon,0,0
580109,52303,66393,79.83,34,15142,86,1045,27.06.1993,Salaried,15.10.2018,6,864,1,1,0,0,0,0,700,E-Low Risk,13,5,0,220016,363570,363570,0,0,0,0,0,0,1799,0,3,0,0yrs 10mon,2yrs 11mon,1,1
470026,54671,66068,85,34,15142,86,1044,27.08.1987,Salaried,28.08.2018,6,864,1,1,0,0,0,0,741,C-Very Low Risk,4,3,0,1390803,1407538,1407538,0,0,0,0,0,0,1819,0,3,0,0yrs 3mon,0yrs 7mon,1,0
469448,53203,61865,88.9,34,15142,86,991,01.06.1969,Salaried,28.08.2018,6,864,1,1,0,0,0,0,753,C-Very Low Risk,11,3,0,400,86390,86390,0,0,0,0,0,0,6947,0,0,0,1yrs 1mon,3yrs 3mon,0,0
514354,49803,65368,79.55,34,15142,86,1045,11.04.1986,Self employed,18.09.2018,6,864,1,1,0,0,0,0,0,No Bureau History Available,0,0,0,0,0,0,0,0,0,0,0,0,0,0,0,0,0yrs 0mon,0yrs 0mon,0,0
621299,58613,66520,89.6,34,15142,86,1044,03.09.1977,Self employed,25.10.2018,6,864,1,1,0,0,0,0,300,M-Very High Risk,29,7,14,517787,972600,972600,1,1,0,355631,400000,400000,44629,0,1,0,1yrs 2mon,5yrs 0mon,6,0
504392,51578,58921,89.95,130,20520,45,1051,04.09.1979,Salaried,14.09.2018,6,958,1,1,0,0,0,0,0,No Bureau History Available,0,0,0,0,0,0,0,0,0,0,0,0,0,0,0,0,0yrs 0mon,0yrs 0mon,0,0
613933,44394,61275,73.44,130,18680,45,992,15.09.1993,Salaried,24.10.2018,6,958,1,0,0,1,0,0,691,E-Low Risk,12,3,0,114479,119998,119998,0,0,0,0,0,0,4396,0,2,0,0yrs 8mon,1yrs 6mon,0,0
578848,52078,63845,83.01,130,20520,45,992,17.08.1992,Salaried,15.10.2018,6,958,1,1,0,0,0,0,749,C-Very Low Risk,4,2,0,8033,12389,12389,0,0,0,0,0,0,1352,0,2,0,0yrs 6mon,1yrs 1mon,0,0
603658,46349,63845,73.62,130,20520,45,992,05.07.1985,Self employed,23.10.2018,6,958,1,1,0,0,0,0,623,H-Medium Risk,4,4,0,427126,560152,560152,0,0,0,0,0,0,5625,0,2,1,0yrs 7mon,1yrs 6mon,1,0
595630,51303,66283,78.45,130,15271,86,992,05.09.1970,Self employed,21.10.2018,6,958,1,1,0,0,0,0,0,No Bureau History Available,0,0,0,0,0,0,0,0,0,0,0,0,0,0,0,0,0yrs 0mon,0yrs 0mon,0,0
476894,52578,60328,89.51,130,20520,45,1060,10.08.1980,Self employed,30.08.2018,6,958,1,1,0,0,0,0,0,No Bureau History Available,0,0,0,0,0,0,1,1,0,0,37000,37000,0,0,0,0,5yrs 0mon,5yrs 0mon,0,1
579137,53303,70458,76.64,130,22275,86,1050,01.06.1969,Self employed,15.10.2018,6,958,1,1,0,0,0,0,749,C-Very Low Risk,3,2,0,515958,576990,576990,0,0,0,0,0,0,0,0,1,0,1yrs 3mon,2yrs 0mon,0,0
440827,48349,64826,77.13,130,16350,120,992,23.08.1965,Self employed,16.08.2018,6,958,1,1,0,0,0,0,749,C-Very Low Risk,3,1,0,5002,11674,11674,0,0,0,0,0,0,2859,0,1,0,0yrs 11mon,1yrs 11mon,0,0
650769,62213,70458,89.41,130,22275,86,996,15.01.1988,Salaried,31.10.2018,6,958,1,1,0,0,0,0,783,B-Very Low Risk,1,1,0,399,50500,50500,0,0,0,0,0,0,1929,0,0,0,5yrs 1mon,5yrs 1mon,0,0
584644,55013,63845,87.71,130,20520,45,995,17.12.1993,Self employed,17.10.2018,6,958,1,1,0,0,0,0,738,C-Very Low Risk,3,2,0,6889,20669,20669,0,0,0,0,0,0,2220,0,2,0,0yrs 6mon,0yrs 11mon,0,0
440590,53303,61307,89.71,130,20520,45,1051,01.01.1983,Salaried,16.08.2018,6,958,1,1,0,0,0,0,0,No Bureau History Available,0,0,0,0,0,0,0,0,0,0,0,0,0,0,0,0,0yrs 0mon,0yrs 0mon,0,0
532939,61083,72303,87.13,130,20520,45,1051,18.10.1979,Self employed,24.09.2018,6,958,1,1,0,0,0,0,793,B-Very Low Risk,2,2,0,6178,44500,44500,1,1,0,28,33000,77758,5416,0,1,0,4yrs 11mon,12yrs 3mon,0,0
579198,46199,65244,71.81,130,20520,45,992,26.08.1974,Self employed,15.10.2018,6,958,1,1,0,0,0,0,728,D-Very Low Risk,6,2,0,9641,12389,12389,0,0,0,0,0,0,0,0,2,0,0yrs 8mon,1yrs 5mon,0,0
488449,53308,71947,76.58,130,22275,86,1063,15.01.1983,Self employed,04.09.2018,6,958,1,1,0,0,0,0,708,D-Very Low Risk,9,1,0,10825,12990,12990,0,0,0,0,0,0,0,0,1,0,1yrs 0mon,1yrs 5mon,0,0
581831,55498,66453,85,130,15196,86,992,03.10.1960,Salaried,16.10.2018,6,958,1,1,0,0,0,0,15,Not Scored: Sufficient History Not Available,2,2,0,12970,18706,18706,0,0,0,0,0,0,0,0,2,0,0yrs 0mon,0yrs 0mon,0,0
604154,50303,63845,79.88,130,20520,45,992,24.07.1996,Self employed,23.10.2018,6,958,1,0,0,1,0,0,657,F-Low Risk,1,1,0,440465,508500,508500,0,0,0,0,0,0,0,0,0,0,0yrs 8mon,0yrs 8mon,0,0
472909,49194,58965,86.32,130,20520,45,1043,30.12.1970,Salaried,29.08.2018,6,958,1,1,0,0,0,0,752,C-Very Low Risk,7,4,0,39070,148290,148290,0,0,0,0,0,0,8000,0,1,0,1yrs 6mon,3yrs 9mon,0,1
579121,50303,62062,82.18,130,20520,45,1051,30.09.1977,Salaried,15.10.2018,6,958,1,1,0,0,0,0,644,G-Low Risk,13,4,0,38091,124880,124880,0,0,0,0,0,0,3533,0,1,0,0yrs 11mon,2yrs 1mon,0,0
593059,49349,64665,77.32,130,15231,51,992,18.12.1971,Salaried,21.10.2018,6,958,1,1,0,0,0,0,615,H-Medium Risk,4,1,1,327322,370000,370000,0,0,0,0,0,0,8482,0,0,0,1yrs 10mon,4yrs 2mon,0,1
490721,47359,64507,75.96,130,20520,45,1066,12.08.1986,Salaried,05.09.2018,6,958,1,0,0,0,1,0,15,Not Scored: Sufficient History Not Available,3,3,0,808723,812389,812389,0,0,0,0,0,0,0,0,3,0,0yrs 1mon,0yrs 1mon,1,0
612585,57013,71095,81.58,130,15231,51,1067,06.08.1976,Salaried,24.10.2018,6,958,1,0,0,1,0,0,597,I-Medium Risk,1,1,0,26310,59000,59000,0,0,0,0,0,0,0,0,0,0,1yrs 10mon,1yrs 10mon,0,0
538906,52045,62188,86.48,130,15271,86,1067,23.12.1992,Self employed,26.09.2018,6,958,1,1,0,0,0,0,607,H-Medium Risk,13,5,0,1262273,1531462,1531462,0,0,0,0,0,0,10955,0,2,0,1yrs 0mon,2yrs 5mon,0,0
641151,47349,63845,75.18,130,20520,45,990,01.01.1988,Salaried,30.10.2018,6,958,1,1,0,0,0,0,0,No Bureau History Available,0,0,0,0,0,0,0,0,0,0,0,0,0,0,0,0,0yrs 0mon,0yrs 0mon,0,0
617656,52078,66283,79.96,130,15196,86,1051,11.05.1996,Salaried,25.10.2018,6,958,1,1,0,0,0,0,0,No Bureau History Available,0,0,0,0,0,0,0,0,0,0,0,0,0,0,0,0,0yrs 0mon,0yrs 0mon,0,0
447023,52303,62188,86.83,130,15271,86,1066,01.07.1992,Salaried,18.08.2018,6,958,1,1,0,0,0,0,763,B-Very Low Risk,2,1,0,7198,39990,39990,0,0,0,0,0,0,5307,0,0,0,0yrs 10mon,1yrs 3mon,0,0
539128,62307,75247,85,130,15271,86,1065,29.08.1980,Self employed,26.09.2018,6,958,1,1,0,0,0,0,734,D-Very Low Risk,6,3,0,0,91890,91890,0,0,0,0,0,0,0,0,0,0,2yrs 7mon,4yrs 0mon,0,0
562968,50303,65776,77.54,130,15271,86,1050,06.10.1992,Salaried,08.10.2018,6,958,1,1,0,0,0,0,825,A-Very Low Risk,1,0,0,0,0,0,0,0,0,0,0,0,0,0,0,0,0yrs 11mon,0yrs 11mon,0,0
583430,43394,66064,66.6,130,20520,45,992,07.04.1975,Self employed,16.10.2018,6,958,1,1,0,0,0,0,582,I-Medium Risk,2,1,0,272967,350000,350000,0,0,0,0,0,0,2839,0,0,0,2yrs 2mon,3yrs 8mon,0,1
641142,55354,66283,85,130,15271,86,1045,16.10.1994,Salaried,30.10.2018,6,958,1,1,0,0,0,0,437,K-High Risk,3,1,1,3100,14000,14000,0,0,0,0,0,0,5696,0,0,0,0yrs 8mon,1yrs 3mon,0,1
593087,39439,64665,61.86,130,15231,51,1066,01.06.1961,Self employed,21.10.2018,6,958,1,1,0,0,0,0,0,No Bureau History Available,0,0,0,0,0,0,0,0,0,0,0,0,0,0,0,0,0yrs 0mon,0yrs 0mon,0,0
432461,28529,62188,48.24,130,15196,86,992,26.04.1993,Salaried,11.08.2018,6,958,1,1,0,0,0,0,749,C-Very Low Risk,2,1,0,2484,7209,7209,0,0,0,0,0,0,1274,0,1,0,1yrs 10mon,3yrs 4mon,1,0
613011,53548,101625,53.6,130,15231,51,992,20.08.1996,Salaried,24.10.2018,6,958,1,1,0,0,0,0,0,No Bureau History Available,0,0,0,0,0,0,0,0,0,0,0,0,0,0,0,0,0yrs 0mon,0yrs 0mon,0,0
578097,68512,98205,70.9,130,15231,51,1051,09.09.1989,Salaried,15.10.2018,6,958,1,1,0,0,0,0,597,I-Medium Risk,4,3,0,926639,874091,874091,0,0,0,0,0,0,3761,0,2,0,0yrs 3mon,0yrs 7mon,1,0
614542,58259,68273,86.42,130,15196,86,1051,01.02.1968,Self employed,24.10.2018,6,958,1,0,1,0,0,0,825,A-Very Low Risk,1,0,0,0,0,0,0,0,0,0,0,0,0,0,0,0,1yrs 11mon,1yrs 11mon,0,0
466746,49563,61865,83.25,130,15196,86,1051,21.02.1985,Self employed,27.08.2018,6,958,1,1,0,0,0,0,0,No Bureau History Available,0,0,0,0,0,0,0,0,0,0,0,0,0,0,0,0,0yrs 0mon,0yrs 0mon,0,0
489539,51134,62188,85,130,15271,86,1051,07.12.1980,Self employed,04.09.2018,6,958,1,1,0,0,0,0,601,H-Medium Risk,1,1,0,603769,690000,690000,0,0,0,0,0,0,6959,0,0,0,6yrs 2mon,6yrs 2mon,1,0
526573,61613,70030,89.96,130,22275,86,1067,10.12.1968,Salaried,21.09.2018,6,958,1,1,0,0,0,0,703,E-Low Risk,4,2,1,511291,700000,700000,0,0,0,0,0,0,0,0,0,0,2yrs 2mon,3yrs 7mon,0,0
582760,53303,66264,81.49,130,20520,45,1050,25.08.1992,Salaried,16.10.2018,6,958,1,1,0,0,0,0,18,Not Scored: No Updates available in last 36 months,1,0,0,0,0,0,0,0,0,0,0,0,0,0,0,0,2yrs 9mon,2yrs 9mon,0,0
451543,50303,61307,84.82,130,20520,45,1045,26.06.1981,Salaried,21.08.2018,6,958,1,1,0,0,0,0,836,A-Very Low Risk,1,0,0,0,0,0,0,0,0,0,0,0,0,0,0,0,2yrs 4mon,2yrs 4mon,0,0
435463,55259,64181,88.81,130,15196,86,1020,12.02.1987,Salaried,13.08.2018,6,958,1,1,0,0,0,0,783,B-Very Low Risk,2,2,0,1975729,2070261,2070261,0,0,0,0,0,0,19301,0,0,0,2yrs 6mon,2yrs 6mon,0,0
470459,45175,57873,81.21,130,20520,45,992,07.07.1994,Salaried,28.08.2018,6,958,1,1,0,0,0,0,825,A-Very Low Risk,1,0,0,0,0,0,0,0,0,0,0,0,0,0,0,0,1yrs 3mon,1yrs 3mon,0,0
613457,56463,70187,81.85,130,15231,51,992,29.06.1989,Salaried,24.10.2018,6,958,1,1,0,0,0,0,743,C-Very Low Risk,2,1,1,124553,150000,150000,0,0,0,0,0,0,2044,0,0,0,0yrs 11mon,1yrs 4mon,0,0
467914,51134,62188,85,130,22275,86,992,01.01.1977,Self employed,28.08.2018,6,958,1,1,0,0,0,0,675,F-Low Risk,1,1,0,115528,0,114000,0,0,0,0,0,0,114000,0,1,0,0yrs 3mon,0yrs 3mon,0,0
640798,54303,66288,82.97,130,22275,86,992,01.10.1971,Self employed,30.10.2018,6,958,1,1,0,0,0,0,0,No Bureau History Available,0,0,0,0,0,0,0,0,0,0,0,0,0,0,0,0,0yrs 0mon,0yrs 0mon,0,0
474181,43444,62188,72.36,130,22275,86,992,01.01.1978,Self employed,29.08.2018,6,958,1,1,0,0,0,0,755,C-Very Low Risk,5,3,0,287941,408000,310564,0,0,0,0,0,0,0,0,1,0,1yrs 1mon,3yrs 1mon,0,0
580940,49349,70418,71,130,15196,86,978,01.01.1992,Salaried,15.10.2018,6,958,1,1,0,0,0,0,0,No Bureau History Available,0,0,0,0,0,0,0,0,0,0,0,0,0,0,0,0,0yrs 0mon,0yrs 0mon,0,1
455735,54013,66367,84.38,130,15196,86,1050,01.06.1967,Self employed,22.08.2018,6,958,1,1,0,0,0,0,825,A-Very Low Risk,2,0,0,0,0,0,0,0,0,0,0,0,1998,0,0,0,0yrs 7mon,0yrs 9mon,0,0
468074,49293,61307,83.19,130,20520,45,974,26.06.1984,Salaried,28.08.2018,6,958,1,1,0,0,0,0,738,C-Very Low Risk,6,3,0,23366,69780,69780,0,0,0,0,0,0,5478,0,0,0,1yrs 3mon,3yrs 1mon,0,0
616305,53078,66283,81.47,130,15196,86,992,15.07.1986,Salaried,25.10.2018,6,958,1,1,0,0,0,0,0,No Bureau History Available,0,0,0,0,0,0,0,0,0,0,0,0,0,0,0,0,0yrs 0mon,0yrs 0mon,0,0
447543,52303,62188,86.83,130,22275,86,992,01.01.1985,Salaried,18.08.2018,6,958,1,1,0,0,0,0,0,No Bureau History Available,0,0,0,0,0,0,0,0,0,0,0,0,0,0,0,0,0yrs 0mon,0yrs 0mon,0,0
614569,53078,68310,79.05,130,15196,86,1066,01.01.1974,Salaried,24.10.2018,6,958,1,1,0,0,0,0,753,C-Very Low Risk,3,3,0,96347,244354,130747,0,0,0,0,0,0,0,0,1,0,0yrs 7mon,1yrs 0mon,0,0
579487,57259,68606,84.54,130,20520,45,992,01.01.1977,Self employed,15.10.2018,6,958,1,1,0,0,0,0,300,M-Very High Risk,2,1,1,53067,69900,69900,0,0,0,0,0,0,0,0,0,0,10yrs 3mon,11yrs 11mon,0,0
601951,50303,63845,79.88,130,20520,45,992,10.02.1994,Self employed,22.10.2018,6,958,1,1,0,0,0,0,0,No Bureau History Available,0,0,0,0,0,0,0,0,0,0,0,0,0,0,0,0,0yrs 0mon,0yrs 0mon,0,0
561902,41394,65776,63.85,130,15271,86,995,01.06.1967,Self employed,08.10.2018,6,958,1,0,0,1,0,0,717,D-Very Low Risk,2,1,0,1742,46000,46000,0,0,0,0,0,0,0,0,0,0,3yrs 0mon,3yrs 1mon,0,0
554724,55189,67060,85,130,15118,45,1066,01.01.1977,Self employed,03.10.2018,6,958,1,1,0,0,0,0,740,C-Very Low Risk,1,1,0,940567,1000000,1000000,0,0,0,0,0,0,12587,0,0,0,2yrs 5mon,2yrs 5mon,0,0
583539,48349,67540,72.55,130,20520,45,1051,23.09.1996,Self employed,16.10.2018,6,958,1,1,0,0,0,0,16,Not Scored: No Activity seen on the customer (Inactive),1,1,0,0,0,0,0,0,0,0,0,0,0,0,1,0,0yrs 0mon,0yrs 0mon,0,0
517210,44191,60328,75.92,130,20520,45,992,20.02.1969,Salaried,19.09.2018,6,958,1,1,0,0,0,0,733,D-Very Low Risk,6,4,0,4790,33578,33578,0,0,0,0,0,0,0,0,0,0,0yrs 8mon,1yrs 1mon,0,0
602141,47349,63845,75.18,130,20520,45,995,03.07.1962,Self employed,22.10.2018,6,958,1,1,0,0,0,0,792,B-Very Low Risk,14,9,0,4754882,7445051,7445051,0,0,0,0,0,0,128740,0,2,0,2yrs 4mon,6yrs 5mon,0,0
649281,54303,62979,87.33,130,15271,86,1063,01.03.1968,Self employed,31.10.2018,6,958,1,1,0,0,0,0,798,B-Very Low Risk,4,2,0,368503,270000,270000,0,0,0,0,0,0,737,0,0,0,3yrs 0mon,4yrs 0mon,0,0
641164,57013,66288,87.5,130,15271,86,992,07.10.1980,Salaried,30.10.2018,6,958,1,1,0,0,0,0,758,C-Very Low Risk,3,1,0,21806,53437,53437,0,0,0,0,0,0,5533,0,0,0,2yrs 6mon,5yrs 5mon,0,0
584247,47145,63845,75.18,130,20520,45,992,25.12.1992,Self employed,17.10.2018,6,958,1,1,0,0,0,0,708,D-Very Low Risk,11,4,0,450671,536680,536680,0,0,0,0,0,0,29695,0,4,0,0yrs 7mon,1yrs 0mon,1,0
616201,56259,66283,85.99,130,15196,86,1050,15.12.1972,Salaried,25.10.2018,6,958,1,1,0,0,0,0,810,A-Very Low Risk,5,2,0,81546,115000,100235,0,0,0,0,0,0,0,0,0,0,1yrs 11mon,5yrs 0mon,0,0
451461,36439,62188,61.11,130,15271,86,992,03.01.1990,Self employed,20.08.2018,6,958,1,1,0,0,0,0,661,F-Low Risk,8,4,0,303639,470229,470229,0,0,0,0,0,0,13179,0,2,0,0yrs 8mon,1yrs 4mon,0,0
423042,52303,60328,89.51,130,20520,45,1056,07.05.1959,Self employed,06.08.2018,6,958,1,1,0,0,0,0,300,M-Very High Risk,3,3,2,64012,100316,100316,0,0,0,0,0,0,2590,0,0,2,1yrs 11mon,2yrs 11mon,0,0
592475,51303,63845,81.45,130,20520,45,992,25.12.1968,Self employed,20.10.2018,6,958,1,1,0,0,0,0,819,A-Very Low Risk,1,0,0,0,0,0,0,0,0,0,0,0,0,0,0,0,0yrs 9mon,0yrs 9mon,0,0
583389,41394,63845,65.78,130,20520,45,974,02.11.1962,Salaried,16.10.2018,6,958,1,0,0,0,1,0,0,No Bureau History Available,0,0,0,0,0,0,0,0,0,0,0,0,0,0,0,0,0yrs 0mon,0yrs 0mon,0,1
649285,55259,70458,79.48,130,22275,86,992,05.09.1980,Salaried,31.10.2018,6,958,1,1,0,0,0,0,324,L-Very High Risk,2,1,1,3827,10000,11149,0,0,0,0,0,0,1656,0,0,1,0yrs 11mon,1yrs 3mon,0,0
567010,51303,65776,79.06,130,15271,86,992,25.06.1987,Salaried,10.10.2018,6,958,1,1,0,0,0,0,759,C-Very Low Risk,9,5,0,269395,444659,411244,0,0,0,0,0,0,3690,0,1,0,0yrs 11mon,2yrs 9mon,0,0
635523,48949,63757,77.8,130,15231,51,1066,09.12.1996,Self employed,29.10.2018,6,958,1,0,0,1,0,0,0,No Bureau History Available,0,0,0,0,0,0,0,0,0,0,0,0,0,0,0,0,0yrs 0mon,0yrs 0mon,0,1
642937,46349,63845,73.62,130,20520,45,1051,15.06.1995,Self employed,30.10.2018,6,958,1,1,0,0,0,0,825,A-Very Low Risk,2,0,0,0,0,0,0,0,0,0,0,0,3428,0,0,0,0yrs 6mon,0yrs 6mon,0,0
593439,58509,73001,82.19,74,22928,86,2578,09.12.1985,Salaried,21.10.2018,4,83,1,1,0,0,0,0,708,D-Very Low Risk,13,7,0,244710,311290,311290,0,0,0,0,0,0,10816,0,5,0,0yrs 7mon,1yrs 7mon,1,0
649206,63097,73001,88.9,74,22928,86,2578,29.10.1992,Salaried,31.10.2018,4,83,1,1,0,0,0,0,646,G-Low Risk,3,2,0,64900,64900,64900,0,0,0,0,0,0,1715,0,2,0,0yrs 2mon,0yrs 7mon,1,1
588276,63865,89239,73.66,74,22928,86,2578,16.12.1981,Self employed,19.10.2018,4,83,1,0,0,0,1,0,573,I-Medium Risk,4,1,0,0,16900,16900,0,0,0,0,0,0,0,0,0,0,2yrs 0mon,3yrs 9mon,0,1
461273,55013,71554,79.66,74,22928,86,2578,01.10.1992,Self employed,24.08.2018,4,83,1,1,0,0,0,0,710,D-Very Low Risk,3,1,0,15000,15000,15000,0,0,0,0,0,0,4243,0,1,0,0yrs 4mon,0yrs 7mon,1,0
572305,61463,73130,86.15,74,22928,86,2596,01.01.1971,Salaried,12.10.2018,4,83,1,1,0,0,0,0,0,No Bureau History Available,0,0,0,0,0,0,0,0,0,0,0,0,0,0,0,0,0yrs 0mon,0yrs 0mon,0,0
598532,62197,75609,84.65,74,22928,86,2578,02.04.1995,Self employed,22.10.2018,4,83,1,1,0,0,0,0,659,F-Low Risk,1,1,0,25626,26000,27662,0,0,0,0,0,0,0,0,0,0,0yrs 6mon,0yrs 6mon,0,1
617120,58263,68612,87.45,74,22928,86,2578,01.01.1972,Salaried,25.10.2018,4,83,1,1,0,0,0,0,626,H-Medium Risk,8,4,1,1345092,1495000,1495000,0,0,0,0,0,0,23185,0,0,1,0yrs 11mon,2yrs 7mon,0,0
438530,55213,71554,79.66,74,22928,86,2578,03.12.1978,Self employed,14.08.2018,4,83,1,1,0,0,0,0,0,No Bureau History Available,0,0,0,0,0,0,0,0,0,0,0,0,0,0,0,0,0yrs 0mon,0yrs 0mon,0,0
470979,52803,64543,83.67,74,22928,86,2578,19.04.1980,Self employed,28.08.2018,4,83,1,1,1,0,0,0,0,No Bureau History Available,0,0,0,0,0,0,0,0,0,0,0,0,0,0,0,0,0yrs 0mon,0yrs 0mon,0,0
447497,48145,64543,77.47,74,22928,86,2578,04.01.1993,Salaried,18.08.2018,4,83,1,1,0,0,0,0,0,No Bureau History Available,0,0,0,0,0,0,0,0,0,0,0,0,0,0,0,0,0yrs 0mon,0yrs 0mon,0,0
488587,65282,92841,75.4,74,22928,86,2578,11.07.1981,Self employed,04.09.2018,4,83,1,1,0,0,0,0,300,M-Very High Risk,5,0,2,0,0,0,0,0,0,0,0,0,0,0,0,0,2yrs 0mon,5yrs 11mon,0,0
496298,52803,71794,79.39,74,22928,86,2578,14.05.1995,Self employed,08.09.2018,4,83,1,1,0,0,0,0,0,No Bureau History Available,0,0,0,0,0,0,0,0,0,0,0,0,0,0,0,0,0yrs 0mon,0yrs 0mon,0,1
529155,61947,75281,83.69,74,22928,86,2578,19.06.1984,Salaried,23.09.2018,4,83,1,1,0,0,0,0,661,F-Low Risk,4,1,0,27877,74439,74439,0,0,0,0,0,0,0,0,0,0,4yrs 4mon,5yrs 2mon,2,0
497383,56059,71082,79.91,74,22928,86,2578,01.06.1957,Self employed,10.09.2018,4,83,1,1,0,0,0,0,739,C-Very Low Risk,5,2,0,216019,225000,225000,0,0,0,0,0,0,11112,0,0,0,0yrs 7mon,1yrs 1mon,0,0
469085,42410,68942,63.82,74,22928,86,2578,01.01.1976,Self employed,28.08.2018,4,83,1,1,0,0,0,0,300,M-Very High Risk,21,1,1,2391,5390,5390,0,0,0,0,0,0,0,0,0,0,0yrs 5mon,4yrs 6mon,0,0
622021,55263,66664,85.5,74,22928,86,2578,06.10.1996,Self employed,25.10.2018,4,83,1,1,0,0,0,0,15,Not Scored: Sufficient History Not Available,1,1,0,8707,8707,8707,0,0,0,0,0,0,1310,0,1,0,0yrs 0mon,0yrs 0mon,1,0
540113,61947,78790,79.96,74,22928,86,2580,01.01.1991,Self employed,27.09.2018,4,83,1,1,0,0,0,0,763,B-Very Low Risk,1,1,0,1350,13500,13500,0,0,0,0,0,0,0,0,0,0,0yrs 10mon,0yrs 10mon,0,0
484730,54613,66651,84.92,74,22928,86,2578,01.01.1982,Salaried,31.08.2018,4,83,1,1,0,0,0,0,16,Not Scored: No Activity seen on the customer (Inactive),2,1,0,56600,56600,56600,0,0,0,0,0,0,2380,0,1,0,0yrs 5mon,0yrs 10mon,0,0
487998,56013,68942,84.13,74,22928,86,2578,19.12.1977,Self employed,03.09.2018,4,83,1,1,0,0,0,0,300,M-Very High Risk,30,14,1,2451437,3202080,3202080,0,0,0,0,0,0,51493,0,4,1,1yrs 5mon,3yrs 4mon,3,0
555872,68882,92841,75.4,74,22928,86,2578,15.12.1983,Self employed,03.10.2018,4,83,1,1,0,0,0,0,0,No Bureau History Available,0,0,0,0,0,0,0,0,0,0,0,0,0,0,0,0,0yrs 0mon,0yrs 0mon,0,0
486056,55213,71554,79.66,74,22928,86,2578,01.01.1980,Self employed,31.08.2018,4,83,1,0,1,0,0,0,0,No Bureau History Available,0,0,0,0,0,0,0,0,0,0,0,0,0,0,0,0,0yrs 0mon,0yrs 0mon,0,0
501525,55013,65855,85.04,74,22928,86,2578,01.01.1976,Self employed,12.09.2018,4,83,1,1,0,0,0,0,0,No Bureau History Available,0,0,0,0,0,0,1,1,0,0,26990,26990,0,0,0,0,1yrs 9mon,1yrs 9mon,0,1
588466,59197,68612,88.91,74,22928,86,2585,17.08.1990,Salaried,19.10.2018,4,83,1,1,0,0,0,0,738,C-Very Low Risk,1,1,0,10726,22990,22990,0,0,0,0,0,0,0,0,1,0,0yrs 5mon,0yrs 5mon,0,0
559961,54259,76460,72.85,74,22928,86,2578,20.01.1983,Salaried,06.10.2018,4,83,1,1,0,0,0,0,300,M-Very High Risk,2,0,1,0,0,0,0,0,0,0,0,0,0,0,0,0,1yrs 8mon,3yrs 5mon,0,0
427492,48578,64543,78.24,74,22928,86,2578,01.01.1977,Self employed,08.08.2018,4,83,1,1,0,0,0,0,0,No Bureau History Available,0,0,0,0,0,0,0,0,0,0,0,0,0,0,0,0,0yrs 0mon,0yrs 0mon,0,0
601216,45099,68612,67.77,74,22928,86,2580,08.01.1965,Self employed,22.10.2018,4,83,1,1,0,0,0,0,0,No Bureau History Available,0,0,0,0,0,0,0,0,0,0,0,0,0,0,0,0,0yrs 0mon,0yrs 0mon,0,1
578273,61247,70842,88.93,74,22928,86,2578,09.08.1978,Self employed,15.10.2018,4,83,1,1,0,0,0,0,615,H-Medium Risk,1,1,0,84230,140000,140000,0,0,0,0,0,0,0,0,0,0,1yrs 11mon,1yrs 11mon,0,0
544404,49349,77113,64.84,74,22928,86,2578,01.01.1968,Self employed,28.09.2018,4,83,1,1,0,0,0,0,16,Not Scored: No Activity seen on the customer (Inactive),1,0,1,0,0,0,0,0,0,0,0,0,0,0,0,0,6yrs 11mon,6yrs 11mon,0,0
546324,59259,73302,81.85,74,22928,86,2578,01.01.1996,Self employed,28.09.2018,4,83,1,1,0,0,0,0,583,I-Medium Risk,1,1,1,16625,63900,63900,0,0,0,0,0,0,0,0,0,0,2yrs 6mon,2yrs 6mon,0,0
647156,56263,72253,80.27,74,22928,86,2578,01.01.1976,Salaried,31.10.2018,4,83,1,1,0,0,0,0,0,No Bureau History Available,0,0,0,0,0,0,0,0,0,0,0,0,0,0,0,0,0yrs 0mon,0yrs 0mon,0,0
580462,61197,66783,94.34,74,22928,86,2578,01.01.1968,Salaried,15.10.2018,4,83,1,1,0,0,0,0,839,A-Very Low Risk,4,0,0,0,0,0,0,0,0,0,0,0,5163,0,0,0,2yrs 7mon,11yrs 4mon,0,0
520434,61213,78457,79.02,74,22928,86,2578,12.05.1969,Self employed,20.09.2018,4,83,1,1,0,0,0,0,0,No Bureau History Available,0,0,0,0,0,0,0,0,0,0,0,0,0,0,0,0,0yrs 0mon,0yrs 0mon,0,0
615796,59197,68612,88.91,74,22928,86,2578,01.01.1993,Self employed,24.10.2018,4,83,1,1,0,0,0,0,0,No Bureau History Available,0,0,0,0,0,0,0,0,0,0,0,0,0,0,0,0,0yrs 0mon,0yrs 0mon,1,1
624781,57209,66001,88.94,74,22928,86,2580,01.01.1979,Salaried,26.10.2018,4,83,1,1,0,0,0,0,0,No Bureau History Available,0,0,0,0,0,0,0,0,0,0,0,0,0,0,0,0,0yrs 0mon,0yrs 0mon,0,0
419995,43894,88814,50.67,74,22928,86,2605,01.01.1982,Self employed,03.08.2018,4,83,1,0,0,1,0,0,0,No Bureau History Available,0,0,0,0,0,0,0,0,0,0,0,0,0,0,0,0,0yrs 0mon,0yrs 0mon,0,0
606733,68132,93152,75.15,74,22928,86,2578,01.01.1991,Self employed,23.10.2018,4,83,1,1,0,0,0,0,0,No Bureau History Available,0,0,0,0,0,0,0,0,0,0,0,0,0,0,0,0,0yrs 0mon,0yrs 0mon,0,1
443106,55213,71554,79.66,74,22928,86,2578,01.01.1978,Self employed,17.08.2018,4,83,1,1,0,0,0,0,0,No Bureau History Available,0,0,0,0,0,0,0,0,0,0,0,0,0,0,0,0,0yrs 0mon,0yrs 0mon,0,0
602753,63197,89239,72.84,74,22928,86,2578,01.01.1976,Self employed,22.10.2018,4,83,1,1,0,0,0,0,684,E-Low Risk,3,1,0,101655,150000,150000,0,0,0,0,0,0,950,0,0,1,1yrs 3mon,2yrs 0mon,0,0
584224,59463,68735,88.75,74,22928,86,2578,09.06.1975,Self employed,17.10.2018,4,83,1,1,0,0,0,0,681,E-Low Risk,3,1,0,26943,30000,30000,0,0,0,0,0,0,1545,0,1,1,1yrs 2mon,1yrs 7mon,1,1
537950,59447,71258,84.9,74,22928,86,2578,27.02.1992,Self employed,26.09.2018,4,83,1,1,0,0,0,0,593,I-Medium Risk,1,0,0,0,0,0,0,0,0,0,0,0,0,0,0,0,2yrs 5mon,2yrs 5mon,4,1
588749,53553,93152,59.04,74,22928,86,2578,16.02.1985,Salaried,19.10.2018,4,83,1,1,0,0,0,0,440,K-High Risk,16,4,1,1071625,1084884,1084884,0,0,0,0,0,0,0,0,1,2,1yrs 6mon,6yrs 2mon,1,0
438308,44345,66651,69.02,74,22928,86,2578,19.06.1982,Salaried,14.08.2018,4,83,1,1,0,0,0,0,18,Not Scored: No Updates available in last 36 months,1,0,0,0,0,0,0,0,0,0,0,0,0,0,0,0,1yrs 11mon,1yrs 11mon,0,0
489008,56495,92841,65.27,74,22928,86,2608,20.06.1994,Salaried,04.09.2018,4,83,1,1,0,0,0,0,708,D-Very Low Risk,6,2,0,16830,51400,51400,0,0,0,0,0,0,0,0,1,0,0yrs 11mon,1yrs 6mon,0,0
630644,59197,68612,88.91,74,22928,86,2578,01.01.1965,Salaried,27.10.2018,4,83,1,1,0,0,0,0,638,G-Low Risk,10,3,0,418279,507499,507499,0,0,0,0,0,0,19255,0,0,0,2yrs 4mon,6yrs 1mon,0,0
559524,49145,75384,66.33,74,22928,86,2584,01.01.1981,Salaried,06.10.2018,4,83,1,1,0,0,0,0,0,No Bureau History Available,0,0,0,0,0,0,0,0,0,0,0,0,0,0,0,0,0yrs 0mon,0yrs 0mon,0,0
584332,47599,70714,69.29,74,22928,86,2578,01.01.1976,Self employed,17.10.2018,4,83,1,1,0,0,0,0,705,E-Low Risk,15,3,0,86374,100000,100000,0,0,0,0,0,0,17413,0,2,0,0yrs 10mon,2yrs 1mon,1,0
463871,57213,66651,88.52,74,22928,86,2578,01.01.1984,Salaried,25.08.2018,4,83,1,1,0,0,0,0,825,A-Very Low Risk,1,0,0,0,0,0,0,0,0,0,0,0,2370,0,0,0,0yrs 7mon,0yrs 7mon,0,1
571236,49828,68735,74.93,74,22928,86,2578,01.01.1965,Self employed,12.10.2018,4,83,1,1,0,1,0,0,0,No Bureau History Available,0,0,0,0,0,0,0,0,0,0,0,0,0,0,0,0,0yrs 0mon,0yrs 0mon,0,0
499011,62213,92841,68.94,74,22928,86,2578,24.07.1988,Salaried,11.09.2018,4,83,1,1,0,0,0,0,793,B-Very Low Risk,8,5,0,3562654,4106517,4072787,0,0,0,0,0,0,2933,0,3,0,1yrs 0mon,3yrs 1mon,0,0
501233,50678,61928,84.94,74,22928,86,2578,04.04.1971,Salaried,12.09.2018,4,83,1,1,0,0,0,0,300,M-Very High Risk,1,1,1,9942,11599,11599,0,0,0,0,0,0,1657,0,0,0,0yrs 10mon,0yrs 10mon,0,1
465152,56013,77472,74.87,74,22928,86,2578,05.06.1995,Salaried,26.08.2018,4,83,1,1,0,0,0,0,0,No Bureau History Available,0,0,0,0,0,0,0,0,0,0,0,0,0,0,0,0,0yrs 0mon,0yrs 0mon,0,1
427415,49578,68942,74.7,74,22928,86,2578,01.01.1964,Self employed,08.08.2018,4,83,1,1,0,0,0,0,0,No Bureau History Available,0,0,0,0,0,0,0,0,0,0,0,0,0,0,0,0,0yrs 0mon,0yrs 0mon,0,0
649283,54509,89239,62.75,74,22928,86,2578,04.12.1984,Self employed,31.10.2018,4,83,1,1,0,0,0,0,0,No Bureau History Available,0,0,0,0,0,0,0,0,0,0,0,0,0,0,0,0,0yrs 0mon,0yrs 0mon,0,0
588397,47599,70714,69.29,74,22928,86,2578,01.01.1994,Salaried,19.10.2018,4,83,1,1,0,0,0,0,830,A-Very Low Risk,1,0,0,0,0,0,0,0,0,0,0,0,0,0,0,0,2yrs 0mon,2yrs 0mon,0,0
455425,53078,62592,87.87,74,22928,86,2578,01.01.1967,Self employed,22.08.2018,4,83,1,0,0,1,0,0,0,No Bureau History Available,0,0,0,0,0,0,0,0,0,0,0,0,0,0,0,0,0yrs 0mon,0yrs 0mon,0,0
425254,59947,74714,82.98,74,22928,86,2578,01.06.1964,Salaried,07.08.2018,4,83,1,1,0,0,0,0,688,E-Low Risk,11,9,0,56963,161163,161163,0,0,0,0,0,0,1576,0,4,0,0yrs 7mon,1yrs 3mon,1,0
573692,64832,89400,74.61,74,22928,86,2584,01.01.1996,Self employed,13.10.2018,4,83,1,1,0,0,0,0,623,H-Medium Risk,1,0,1,0,0,0,0,0,0,0,0,0,2386,0,0,0,0yrs 10mon,0yrs 10mon,0,0
638734,61463,89239,70.6,74,22928,86,2578,14.03.1991,Self employed,29.10.2018,4,83,1,1,0,0,0,0,15,Not Scored: Sufficient History Not Available,1,1,0,9099,13000,13000,0,0,0,0,0,0,1300,0,1,0,0yrs 1mon,0yrs 1mon,2,0
466503,68369,88814,78.82,74,22928,86,2596,29.03.1988,Salaried,27.08.2018,4,83,1,1,0,0,0,0,0,No Bureau History Available,0,0,0,0,0,0,0,0,0,0,0,0,0,0,0,0,0yrs 0mon,0yrs 0mon,0,1
475473,47845,54580,89.78,74,22928,86,2578,01.01.1971,Salaried,30.08.2018,4,83,1,1,0,0,0,0,796,B-Very Low Risk,3,0,0,0,0,0,0,0,0,0,0,0,3564,0,0,1,1yrs 3mon,2yrs 3mon,0,1
595615,58263,68780,87.23,74,22928,86,2580,01.01.1958,Self employed,21.10.2018,4,83,1,0,0,1,0,0,0,No Bureau History Available,0,0,0,0,0,0,0,0,0,0,0,0,0,0,0,0,0yrs 0mon,0yrs 0mon,0,1
508337,49349,74815,66.83,74,22928,86,2578,19.11.1990,Self employed,15.09.2018,4,83,1,1,0,0,0,0,0,No Bureau History Available,0,0,0,0,0,0,0,0,0,0,0,0,0,0,0,0,0yrs 0mon,0yrs 0mon,1,0
419209,67083,73585,94.99,74,22928,86,2578,01.01.1979,Salaried,03.08.2018,4,83,1,1,0,0,0,0,625,H-Medium Risk,1,1,0,158388,380000,380000,0,0,0,0,0,0,6398,0,0,1,4yrs 10mon,4yrs 10mon,0,0
447351,58213,71554,83.85,74,22928,86,2578,01.05.1969,Self employed,18.08.2018,4,83,1,1,0,0,0,0,490,K-High Risk,4,1,2,9830,41366,41366,1,0,0,0,0,0,1750,5185,0,2,1yrs 7mon,2yrs 9mon,1,0
551163,54303,75706,72.65,74,22928,86,2578,15.05.1995,Self employed,30.09.2018,4,83,1,0,0,0,1,0,0,No Bureau History Available,0,0,0,0,0,0,0,0,0,0,0,0,0,0,0,0,0yrs 0mon,0yrs 0mon,0,0
604089,57263,66664,88.5,74,22928,86,2578,21.10.1993,Self employed,23.10.2018,4,83,1,1,0,0,0,0,709,D-Very Low Risk,3,2,0,201383,204000,204000,0,0,0,0,0,0,10800,0,2,0,0yrs 3mon,0yrs 6mon,2,0
476287,54259,88814,63.05,74,22928,86,2578,13.03.1992,Self employed,30.08.2018,4,83,1,0,0,1,0,0,0,No Bureau History Available,0,0,0,0,0,0,0,0,0,0,0,0,0,0,0,0,0yrs 0mon,0yrs 0mon,0,0
588510,63509,71544,92.25,74,22928,86,2578,01.01.1973,Salaried,19.10.2018,4,83,1,1,0,0,0,0,708,D-Very Low Risk,5,1,0,45833,50000,50000,0,0,0,0,0,0,2593,0,1,0,0yrs 7mon,1yrs 1mon,0,0
497949,57853,73302,84.58,74,22928,86,2580,05.11.1975,Self employed,10.09.2018,4,83,1,1,0,0,0,0,609,H-Medium Risk,34,6,0,77499,182003,182003,0,0,0,0,0,0,34658,0,3,0,0yrs 10mon,2yrs 7mon,5,1
647118,63463,89239,72.84,74,22928,86,2580,05.01.1984,Salaried,31.10.2018,4,83,1,1,0,0,0,0,721,D-Very Low Risk,6,3,0,893970,1104000,1104000,0,0,0,0,0,0,10062,0,0,0,2yrs 4mon,8yrs 6mon,0,0
426847,48645,64711,77.27,74,22928,86,2578,01.01.1970,Self employed,08.08.2018,4,83,1,1,0,0,0,0,0,No Bureau History Available,0,0,0,0,0,0,0,0,0,0,0,0,0,0,0,0,0yrs 0mon,0yrs 0mon,0,0
485020,47845,54580,89.78,74,22928,86,2578,24.01.1987,Self employed,31.08.2018,4,83,1,1,0,0,0,0,738,C-Very Low Risk,3,1,0,41122,44000,44000,0,0,0,0,0,0,6464,0,1,0,0yrs 6mon,0yrs 8mon,1,0
589965,59697,72884,84.38,74,22928,86,2578,01.01.1983,Self employed,20.10.2018,4,83,1,1,0,0,0,0,825,A-Very Low Risk,1,0,0,0,0,0,0,0,0,0,0,0,1200,0,0,0,0yrs 6mon,0yrs 6mon,0,0
557102,62947,75384,84.9,74,22928,86,2582,15.01.1991,Salaried,04.10.2018,4,83,1,1,0,0,0,0,0,No Bureau History Available,0,0,0,0,0,0,0,0,0,0,0,0,0,0,0,0,0yrs 0mon,0yrs 0mon,1,0
595575,52328,73001,73.97,74,22928,86,2578,01.01.1985,Salaried,21.10.2018,4,83,1,0,0,1,0,0,300,M-Very High Risk,4,4,3,987991,856431,856431,0,0,0,0,0,0,0,0,2,1,0yrs 9mon,1yrs 10mon,1,0
501671,69169,88472,79.12,74,22928,86,2578,24.02.1990,Self employed,12.09.2018,4,83,1,1,0,0,0,0,700,E-Low Risk,16,2,0,167500,167500,167500,1,0,0,0,0,0,7101,0,2,0,1yrs 2mon,2yrs 1mon,0,0
447035,52803,66651,81.77,74,22928,86,2600,01.01.1976,Salaried,18.08.2018,4,83,1,0,0,1,0,0,763,B-Very Low Risk,3,2,0,0,16789,16789,0,0,0,0,0,0,1599,0,0,0,0yrs 9mon,0yrs 11mon,0,0
584278,74329,80380,94.55,74,22928,86,2578,02.01.1972,Salaried,17.10.2018,4,83,1,1,0,0,0,0,574,I-Medium Risk,25,4,1,271986,345400,345400,0,0,0,0,0,0,153320,0,3,2,0yrs 11mon,4yrs 0mon,0,0
638021,57263,73001,80.82,74,22928,86,2578,01.01.1976,Salaried,29.10.2018,4,83,1,1,0,0,0,0,825,A-Very Low Risk,16,2,0,48420,63575,63575,0,0,0,0,0,0,20692,0,1,0,0yrs 9mon,1yrs 5mon,0,0
634051,58263,68612,87.45,74,22928,86,2578,13.09.1994,Salaried,28.10.2018,4,83,1,1,0,0,0,0,673,F-Low Risk,4,2,0,106073,111500,111500,0,0,0,0,0,0,7286,0,1,0,0yrs 8mon,1yrs 8mon,2,1
506274,54303,71082,77.38,74,22928,86,2578,01.07.1970,Self employed,14.09.2018,4,83,1,1,0,0,0,0,627,H-Medium Risk,2,0,0,0,0,0,0,0,0,0,0,0,320828,0,0,0,1yrs 9mon,2yrs 2mon,0,0
533362,49349,75706,66.04,74,22928,86,2578,01.01.1987,Self employed,24.09.2018,4,83,1,1,0,0,0,0,738,C-Very Low Risk,2,1,0,195126,200000,200000,0,0,0,0,0,0,1658,0,1,1,0yrs 5mon,0yrs 7mon,0,1
431974,53378,62592,87.87,74,22928,86,2581,15.12.1977,Self employed,10.08.2018,4,83,1,0,0,1,0,0,676,F-Low Risk,8,6,0,20136,93900,93900,0,0,0,0,0,0,5545,0,0,1,0yrs 10mon,1yrs 6mon,0,0
474924,37539,71398,54.62,74,22928,86,2578,11.01.1988,Self employed,29.08.2018,4,83,1,1,0,0,0,0,600,I-Medium Risk,1,1,1,248,248,248,0,0,0,0,0,0,0,0,0,0,4yrs 6mon,4yrs 6mon,0,0
555185,57259,70985,81.71,74,22928,86,2578,01.03.1990,Salaried,03.10.2018,4,83,1,1,0,0,0,0,825,A-Very Low Risk,1,0,0,0,0,0,0,0,0,0,0,0,0,0,0,0,0yrs 11mon,0yrs 11mon,0,1
580507,55263,75743,75.25,74,22928,86,2578,23.02.1996,Salaried,15.10.2018,4,83,1,1,0,0,0,0,825,A-Very Low Risk,1,0,0,0,0,0,0,0,0,0,0,0,1983,0,0,0,0yrs 7mon,0yrs 7mon,0,0
630947,53053,68780,79.24,74,22928,86,2578,12.03.1975,Self employed,27.10.2018,4,83,1,1,0,0,0,0,708,D-Very Low Risk,5,4,0,19779,48468,48468,0,0,0,0,0,0,0,0,3,0,0yrs 6mon,1yrs 3mon,0,0
590364,55009,68612,82.35,74,22928,86,2595,01.01.1990,Salaried,20.10.2018,4,83,1,0,0,1,0,0,601,H-Medium Risk,2,1,0,135000,135000,135000,0,0,0,0,0,0,0,0,0,1,1yrs 6mon,2yrs 6mon,0,0
529885,59013,71082,84.41,74,22928,86,2578,25.05.1985,Self employed,23.09.2018,4,83,1,1,0,0,0,0,738,C-Very Low Risk,10,2,0,48278,65206,65206,0,0,0,0,0,0,11480,0,1,1,1yrs 3mon,2yrs 1mon,5,1
465307,55659,71554,79.66,74,22928,86,2578,01.01.1993,Salaried,26.08.2018,4,83,1,1,0,0,0,0,784,B-Very Low Risk,3,2,0,37162,89500,76588,0,0,0,0,0,0,897,0,0,0,0yrs 8mon,0yrs 11mon,0,0
532254,59259,73302,81.85,74,22928,86,2578,01.01.1974,Self employed,24.09.2018,4,83,1,1,0,0,0,0,652,F-Low Risk,5,0,0,0,0,0,2,0,0,0,0,0,1683,2372,0,0,1yrs 5mon,2yrs 8mon,1,0
466969,55013,64543,88.31,74,22928,86,2578,20.05.1987,Salaried,27.08.2018,4,83,1,1,0,0,0,0,738,C-Very Low Risk,8,2,0,27541,107380,107380,0,0,0,0,0,0,0,0,0,0,1yrs 1mon,2yrs 4mon,0,0
449329,53303,68942,79.78,74,22928,86,2578,02.02.1985,Salaried,20.08.2018,4,83,1,1,0,0,0,0,680,F-Low Risk,2,2,0,134633,148000,148000,0,0,0,0,0,0,4643,0,2,1,0yrs 5mon,0yrs 5mon,1,0
529129,57259,75706,76.61,74,22928,86,2578,01.01.1970,Self employed,23.09.2018,4,83,1,1,0,0,0,0,627,H-Medium Risk,3,0,0,0,0,0,0,0,0,0,0,0,0,0,0,0,2yrs 1mon,3yrs 9mon,0,0
629506,59197,68612,88.91,74,22928,86,2578,25.06.1981,Self employed,27.10.2018,4,83,1,1,0,1,0,0,595,I-Medium Risk,9,2,0,18421,54096,54096,0,0,0,0,0,0,14559,0,1,0,0yrs 10mon,2yrs 11mon,1,0
498044,55259,83523,68.24,74,22928,86,2578,01.01.1956,Salaried,10.09.2018,4,83,1,1,0,0,0,0,623,H-Medium Risk,2,2,0,713609,994000,994000,0,0,0,0,0,0,19048,0,0,0,5yrs 6mon,8yrs 4mon,1,0
537460,46145,72203,65.09,74,22928,86,2578,01.01.1978,Self employed,26.09.2018,4,83,1,1,0,0,0,0,692,E-Low Risk,13,1,0,0,13500,13500,0,0,0,0,0,0,7596,0,1,0,1yrs 1mon,5yrs 4mon,0,0
642342,63463,89239,72.84,74,22928,86,2578,01.01.1994,Salaried,30.10.2018,4,83,1,1,0,0,0,0,0,No Bureau History Available,0,0,0,0,0,0,0,0,0,0,0,0,0,0,0,0,0yrs 0mon,0yrs 0mon,0,1
651090,56509,73001,79.45,74,22928,86,2578,01.01.1986,Self employed,31.10.2018,4,83,1,1,0,0,0,0,300,M-Very High Risk,4,4,3,74537,111060,111060,0,0,0,0,0,0,0,0,1,0,1yrs 7mon,2yrs 6mon,0,0
454009,50078,64543,80.57,74,22928,86,2578,01.01.1982,Self employed,21.08.2018,4,83,1,1,0,0,0,0,707,D-Very Low Risk,6,4,0,101540,120990,120990,0,0,0,0,0,0,7446,0,4,0,0yrs 4mon,0yrs 8mon,1,1
538888,57259,92831,62.48,74,22928,86,2578,08.03.1981,Self employed,26.09.2018,4,83,1,1,0,0,0,0,777,B-Very Low Risk,10,6,0,2309130,3220855,2980429,0,0,0,0,0,0,26166,0,2,0,2yrs 3mon,5yrs 8mon,0,0
564416,46945,68996,70.29,74,22928,86,2610,03.05.1990,Salaried,09.10.2018,4,83,1,1,0,0,0,0,0,No Bureau History Available,0,0,0,0,0,0,0,0,0,0,0,0,0,0,0,0,0yrs 0mon,0yrs 0mon,0,0
631315,65419,75455,88.79,74,22928,86,2580,11.12.1983,Salaried,27.10.2018,4,83,1,1,0,0,0,0,548,J-High Risk,17,2,2,262013,338987,338987,0,0,0,0,0,0,17399,0,0,0,1yrs 8mon,5yrs 5mon,0,0
573683,60197,73130,84.78,74,22928,86,2578,01.01.1966,Self employed,13.10.2018,4,83,1,1,0,0,0,0,0,No Bureau History Available,0,0,0,0,0,0,0,0,0,0,0,0,0,0,0,0,0yrs 0mon,0yrs 0mon,0,0
612475,68602,75451,94.76,74,22928,86,2578,01.01.1965,Salaried,24.10.2018,4,83,1,1,0,0,0,0,771,B-Very Low Risk,10,0,0,0,0,0,0,0,0,0,0,0,1202,0,0,0,0yrs 5mon,2yrs 2mon,0,0
555612,68882,92841,75.4,74,22928,86,2578,14.10.1992,Self employed,03.10.2018,4,83,1,1,0,0,0,0,708,D-Very Low Risk,5,2,0,7050,16839,16839,0,0,0,0,0,0,3993,0,2,0,0yrs 5mon,0yrs 7mon,0,0
588297,59463,68612,88.91,74,22928,86,2578,09.01.1975,Self employed,19.10.2018,4,83,1,1,0,0,0,0,681,E-Low Risk,56,5,0,463951,603510,608943,0,0,0,0,0,0,712500,0,0,0,0yrs 8mon,8yrs 11mon,3,0
566697,55763,91679,62.72,74,22928,86,2578,01.01.1979,Salaried,10.10.2018,4,83,1,1,0,0,0,0,0,No Bureau History Available,0,0,0,0,0,0,0,0,0,0,0,0,0,0,0,0,0yrs 0mon,0yrs 0mon,0,0
477875,53453,60526,92.52,74,22928,86,2578,06.07.1965,Salaried,30.08.2018,4,83,1,1,0,0,0,0,0,No Bureau History Available,0,0,0,0,0,0,0,0,0,0,0,0,0,0,0,0,0yrs 0mon,0yrs 0mon,0,0
478344,47845,54580,89.78,74,22928,86,2578,08.04.1973,Salaried,30.08.2018,4,83,1,1,0,0,0,0,596,I-Medium Risk,9,2,0,193567,213217,213217,0,0,0,0,0,0,9958,0,1,0,2yrs 9mon,11yrs 3mon,1,0
535207,47849,67805,71.53,74,22928,86,2578,05.10.1976,Self employed,25.09.2018,4,83,1,1,0,0,0,0,655,F-Low Risk,7,6,1,10807,240790,240790,0,0,0,0,0,0,0,0,0,1,3yrs 3mon,10yrs 9mon,0,0
485916,45349,64543,72.82,74,22928,86,2578,01.06.1977,Self employed,31.08.2018,4,83,1,1,0,0,0,0,763,B-Very Low Risk,2,1,1,500928,550000,550000,0,0,0,0,0,0,0,0,0,1,2yrs 8mon,4yrs 8mon,0,0
641881,58263,68780,87.23,74,22928,86,2578,01.01.1972,Salaried,30.10.2018,4,83,1,1,0,0,0,0,796,B-Very Low Risk,2,0,0,0,0,0,0,0,0,0,0,0,0,0,0,0,2yrs 2mon,2yrs 4mon,0,0
574452,68419,89400,78.3,74,22928,86,2578,23.04.1983,Self employed,13.10.2018,4,83,1,1,0,0,0,0,300,M-Very High Risk,5,3,1,119115,286170,286170,0,0,0,0,0,0,2343,0,0,0,2yrs 9mon,6yrs 2mon,3,0
589534,62197,75452,84.82,74,22928,86,2578,05.02.1969,Salaried,20.10.2018,4,83,1,1,0,0,0,0,600,I-Medium Risk,3,0,1,0,0,0,0,0,0,0,0,0,2787,0,0,0,0yrs 5mon,0yrs 9mon,1,0
557491,58259,74815,78.86,74,22928,86,2578,01.01.1970,Salaried,04.10.2018,4,83,1,1,0,0,0,0,678,F-Low Risk,1,1,0,6489,36000,36000,0,0,0,0,0,0,0,0,0,0,0yrs 10mon,0yrs 10mon,0,0
508124,47349,71082,67.53,74,22928,86,2578,08.07.1990,Self employed,15.09.2018,4,83,1,1,0,0,0,0,825,A-Very Low Risk,6,2,0,32356,65000,65000,0,0,0,0,0,0,3250,0,0,0,1yrs 6mon,2yrs 1mon,0,0
424643,56613,68942,85,74,22928,86,2582,30.09.1987,Self employed,07.08.2018,4,83,1,1,0,0,0,0,825,A-Very Low Risk,1,0,0,0,0,0,0,0,0,0,0,0,1924,0,0,0,0yrs 7mon,0yrs 7mon,1,1
484987,59213,77472,78.74,74,22928,86,2578,01.01.1979,Salaried,31.08.2018,4,83,1,0,0,1,0,0,749,C-Very Low Risk,3,2,0,248478,40000,27424,0,0,0,0,0,0,0,0,0,0,1yrs 5mon,3yrs 0mon,1,0
531909,56013,72203,78.94,74,22928,86,2578,10.10.1987,Self employed,24.09.2018,4,83,1,1,0,0,0,0,18,Not Scored: No Updates available in last 36 months,1,0,0,0,0,0,0,0,0,0,0,0,0,0,0,0,1yrs 9mon,1yrs 9mon,1,0
555213,61247,73302,84.99,74,22928,86,2578,13.05.1989,Salaried,03.10.2018,4,83,1,1,0,0,0,0,15,Not Scored: Sufficient History Not Available,2,2,0,352950,357925,357925,0,0,0,0,0,0,0,0,2,0,0yrs 2mon,0yrs 2mon,0,0
615384,62197,72253,88.58,74,22928,86,2578,08.08.1979,Salaried,24.10.2018,4,83,1,1,0,0,0,0,708,D-Very Low Risk,5,3,0,44676,91260,91260,0,0,0,0,0,0,2183,0,2,0,0yrs 10mon,2yrs 1mon,0,0
514933,57559,74815,77.93,74,22928,86,2578,11.01.1988,Self employed,18.09.2018,4,83,1,1,0,0,0,0,300,M-Very High Risk,20,4,1,143420,182499,182499,0,0,0,0,0,0,5659,0,1,1,0yrs 9mon,2yrs 6mon,1,0
631685,68132,89239,78.44,74,22928,86,2609,26.08.1991,Salaried,27.10.2018,4,83,1,1,0,0,0,0,0,No Bureau History Available,0,0,0,0,0,0,0,0,0,0,0,0,0,0,0,0,0yrs 0mon,0yrs 0mon,0,0
584283,47599,66664,73.5,74,22928,86,2578,07.07.1989,Salaried,17.10.2018,4,83,1,1,0,0,0,0,502,K-High Risk,16,4,1,75547,104000,104000,0,0,0,0,0,0,18942,0,0,1,0yrs 11mon,2yrs 6mon,6,0
557558,53078,69032,78.22,74,22928,86,2578,11.07.1992,Self employed,04.10.2018,4,83,1,1,0,0,0,0,0,No Bureau History Available,0,0,0,0,0,0,0,0,0,0,0,0,0,0,0,0,0yrs 0mon,0yrs 0mon,0,1
505399,61147,74660,84.65,74,22928,86,2578,02.05.1968,Salaried,14.09.2018,4,83,1,1,0,0,0,0,0,No Bureau History Available,0,0,0,0,0,0,0,0,0,0,0,0,0,0,0,0,0yrs 0mon,0yrs 0mon,0,0
632154,47599,73001,67.12,74,22928,86,2578,01.01.1971,Salaried,27.10.2018,4,83,1,1,0,0,0,0,768,B-Very Low Risk,5,3,0,119548,222114,222114,0,0,0,0,0,0,0,0,0,0,1yrs 6mon,2yrs 0mon,0,0
484404,47845,54580,89.78,74,22928,86,2578,19.08.1980,Self employed,31.08.2018,4,83,1,1,0,0,0,0,763,B-Very Low Risk,4,2,0,3118,24480,24480,0,0,0,0,0,0,0,0,1,0,1yrs 0mon,2yrs 8mon,0,0
555132,59259,75709,79.25,74,22928,86,2578,01.01.1976,Self employed,03.10.2018,4,83,1,1,0,0,0,0,18,Not Scored: No Updates available in last 36 months,1,0,0,0,0,0,0,0,0,0,0,0,0,0,0,0,1yrs 7mon,1yrs 7mon,0,0
499010,62213,71258,88.41,74,22928,86,2578,13.12.1988,Salaried,11.09.2018,4,83,1,1,0,0,0,0,0,No Bureau History Available,0,0,0,0,0,0,0,0,0,0,0,0,0,0,0,0,0yrs 0mon,0yrs 0mon,1,0
517867,88215,119513,76.98,74,16686,48,2578,06.05.1995,Salaried,19.09.2018,4,83,1,1,0,0,0,0,0,No Bureau History Available,0,0,0,0,0,0,0,0,0,0,0,0,0,0,0,0,0yrs 0mon,0yrs 0mon,1,0
578968,57009,78424,74.59,74,22928,86,2580,02.05.1981,Self employed,15.10.2018,4,83,1,1,0,0,0,0,763,B-Very Low Risk,1,1,0,3450,13800,13800,0,0,0,0,0,0,0,0,0,0,0yrs 6mon,0yrs 6mon,1,0
578220,56263,68735,84.38,74,22928,86,2578,04.01.1983,Self employed,15.10.2018,4,83,1,1,0,0,0,0,0,No Bureau History Available,0,0,0,0,0,0,0,0,0,0,0,0,0,0,0,0,0yrs 0mon,0yrs 0mon,0,0
566745,68419,82506,84.84,74,22928,86,2578,01.01.1983,Self employed,10.10.2018,4,83,1,1,0,0,0,0,635,G-Low Risk,1,1,0,95845,87000,87000,0,0,0,0,0,0,0,0,0,0,0yrs 8mon,0yrs 8mon,1,0
653687,61097,70714,88.95,74,22928,86,2578,01.06.1988,Self employed,31.10.2018,4,83,1,1,0,0,0,0,0,No Bureau History Available,0,0,0,0,0,0,11,2,0,0,175870,175870,0,0,0,0,1yrs 11mon,4yrs 2mon,0,0
574460,63197,78424,82.88,74,22928,86,2578,01.01.1976,Salaried,13.10.2018,4,83,1,1,0,0,0,0,0,No Bureau History Available,0,0,0,0,0,0,0,0,0,0,0,0,0,0,0,0,0yrs 0mon,0yrs 0mon,0,0
551928,73817,106746,70.26,74,22928,86,2582,01.01.1972,Self employed,30.09.2018,4,83,1,1,0,0,0,0,300,M-Very High Risk,3,3,1,258169,517000,517000,0,0,0,0,0,0,13877,0,0,0,2yrs 5mon,2yrs 10mon,0,0
527432,49145,60593,82.52,74,22928,86,2578,20.06.1995,Self employed,22.09.2018,4,83,1,1,0,0,0,0,0,No Bureau History Available,0,0,0,0,0,0,0,0,0,0,0,0,0,0,0,0,0yrs 0mon,0yrs 0mon,0,0
447732,45549,71554,65.68,74,22928,86,2582,02.06.1980,Salaried,18.08.2018,4,83,1,1,0,0,0,0,0,No Bureau History Available,0,0,0,0,0,0,0,0,0,0,0,0,0,0,0,0,0yrs 0mon,0yrs 0mon,0,0
582615,66132,80400,84.58,74,22928,86,2578,01.01.1984,Salaried,16.10.2018,4,83,1,1,0,0,0,0,0,No Bureau History Available,0,0,0,0,0,0,0,0,0,0,0,0,0,0,0,0,0yrs 0mon,0yrs 0mon,0,0
567508,64132,77801,84.83,74,22928,86,2578,12.04.1995,Self employed,10.10.2018,4,83,1,1,0,0,0,0,738,C-Very Low Risk,2,1,0,12237,14277,14277,0,0,0,0,0,0,3920,0,1,0,0yrs 4mon,0yrs 7mon,1,0
524146,52978,60593,88.95,74,22928,86,2578,15.06.1980,Salaried,21.09.2018,4,83,1,1,0,0,0,0,671,F-Low Risk,12,8,0,168220,226079,226079,0,0,0,0,0,0,9019,0,5,0,0yrs 8mon,2yrs 0mon,0,0
613456,59797,75681,81.39,74,22928,86,2578,05.05.1972,Self employed,24.10.2018,4,83,1,1,0,0,0,0,0,No Bureau History Available,0,0,0,0,0,0,0,0,0,0,0,0,0,0,0,0,0yrs 0mon,0yrs 0mon,1,0
590110,73067,93153,80.51,74,22928,86,2578,25.08.1996,Salaried,20.10.2018,4,83,1,1,0,0,0,0,0,No Bureau History Available,0,0,0,0,0,0,0,0,0,0,0,0,0,0,0,0,0yrs 0mon,0yrs 0mon,0,0
595871,42322,73001,61.64,74,22928,86,2578,01.01.1987,Self employed,21.10.2018,4,83,1,1,0,0,0,0,0,No Bureau History Available,0,0,0,0,0,0,0,0,0,0,0,0,0,0,0,0,0yrs 0mon,0yrs 0mon,0,0
550595,67169,92841,73.24,74,22928,86,2578,01.01.1968,Salaried,29.09.2018,4,83,1,1,0,0,0,0,738,C-Very Low Risk,3,1,0,26000,78000,78000,0,0,0,0,0,0,0,0,1,0,0yrs 10mon,1yrs 3mon,1,0
551985,66882,92841,73.24,74,22928,86,2578,01.01.1980,Self employed,30.09.2018,4,83,1,1,0,0,0,0,713,D-Very Low Risk,14,4,0,1918968,1665718,1665718,1,0,0,0,0,0,23983,0,3,0,1yrs 1mon,3yrs 0mon,1,0
624184,59197,68612,88.91,74,22928,86,2582,19.02.1984,Salaried,26.10.2018,4,83,1,1,0,0,0,0,825,A-Very Low Risk,1,0,0,0,0,0,0,0,0,0,0,0,1658,0,0,0,0yrs 7mon,0yrs 7mon,0,0
590111,78329,95452,83.81,74,22928,86,2578,01.01.1988,Self employed,20.10.2018,4,83,1,1,0,0,0,0,836,A-Very Low Risk,1,0,0,0,0,0,0,0,0,0,0,0,0,0,0,0,2yrs 2mon,2yrs 2mon,0,0
467288,57013,66651,88.52,74,22928,86,2580,02.05.1980,Self employed,27.08.2018,4,83,1,0,0,1,0,0,726,D-Very Low Risk,49,9,0,245264,283677,283677,0,0,0,0,0,0,0,0,9,0,0yrs 3mon,1yrs 2mon,0,0
588374,59197,68612,88.91,74,22928,86,2578,24.06.1966,Self employed,19.10.2018,4,83,1,1,0,1,0,0,0,No Bureau History Available,0,0,0,0,0,0,0,0,0,0,0,0,0,0,0,0,0yrs 0mon,0yrs 0mon,0,0
556413,61947,78424,80.33,74,22928,86,2578,03.05.1986,Salaried,03.10.2018,4,83,1,1,0,0,0,0,300,M-Very High Risk,1,1,1,50721,50000,50000,0,0,0,0,0,0,1978,0,0,1,7yrs 3mon,7yrs 3mon,0,0
460479,58459,88814,67.56,74,22928,86,2578,01.01.1995,Salaried,24.08.2018,4,83,1,1,0,0,0,0,0,No Bureau History Available,0,0,0,0,0,0,0,0,0,0,0,0,0,0,0,0,0yrs 0mon,0yrs 0mon,0,0
463552,50903,61928,84.94,74,22928,86,2578,02.06.1986,Salaried,25.08.2018,4,83,1,1,0,0,0,0,0,No Bureau History Available,0,0,0,0,0,0,0,0,0,0,0,0,0,0,0,0,0yrs 0mon,0yrs 0mon,0,1
638427,57509,89239,66.11,74,22928,86,2578,25.07.1975,Self employed,29.10.2018,4,83,1,1,0,0,0,0,0,No Bureau History Available,0,0,0,0,0,0,0,0,0,0,0,0,0,0,0,0,0yrs 0mon,0yrs 0mon,0,0
446839,63447,77472,83.9,74,22928,86,2583,09.08.1981,Salaried,18.08.2018,4,83,1,1,0,0,0,0,0,No Bureau History Available,0,0,0,0,0,0,0,0,0,0,0,0,0,0,0,0,0yrs 0mon,0yrs 0mon,0,0
567525,61947,77956,80.81,74,22928,86,2578,01.01.1965,Self employed,10.10.2018,4,83,1,1,0,0,0,0,0,No Bureau History Available,0,0,0,0,0,0,0,0,0,0,0,0,0,0,0,0,0yrs 0mon,0yrs 0mon,0,0
500538,48988,71081,74.56,74,22928,86,2578,30.11.1988,Salaried,11.09.2018,4,83,1,1,0,0,0,0,615,H-Medium Risk,1,0,0,0,0,0,0,0,0,0,0,0,1065,0,0,0,0yrs 6mon,0yrs 6mon,0,0
499720,55759,81790,69.08,74,22928,86,2578,01.01.1973,Salaried,11.09.2018,4,83,1,1,0,0,0,0,0,No Bureau History Available,0,0,0,0,0,0,0,0,0,0,0,0,0,0,0,0,0yrs 0mon,0yrs 0mon,0,0
465380,54613,66651,84.92,74,22928,86,2578,01.01.1958,Salaried,26.08.2018,4,83,1,1,0,0,0,0,0,No Bureau History Available,0,0,0,0,0,0,0,0,0,0,0,0,0,0,0,0,0yrs 0mon,0yrs 0mon,0,0
638192,66419,80408,84.57,74,22928,86,2578,01.01.1989,Salaried,29.10.2018,4,83,1,1,0,0,0,0,17,Not Scored: Not Enough Info available on the customer,1,1,0,5350,37500,5350,0,0,0,0,0,0,0,0,0,0,1yrs 8mon,1yrs 8mon,0,0
447523,57513,66340,88.94,74,22928,86,2578,01.01.1976,Self employed,18.08.2018,4,83,1,1,0,0,0,0,575,I-Medium Risk,1,0,0,0,0,0,1,0,1,0,0,0,0,0,0,0,4yrs 5mon,5yrs 7mon,0,0
571251,59463,68735,88.75,74,22928,86,2578,01.01.1965,Salaried,12.10.2018,4,83,1,1,0,0,0,0,362,K-High Risk,2,2,2,130519,27000,27000,0,0,0,0,0,0,0,0,0,0,3yrs 10mon,5yrs 6mon,0,0
542737,49349,73302,68.21,74,22928,86,2578,01.10.1983,Self employed,27.09.2018,4,83,1,1,0,0,0,0,0,No Bureau History Available,0,0,0,0,0,0,0,0,0,0,0,0,0,0,0,0,0yrs 0mon,0yrs 0mon,0,1
588379,55009,68712,82.23,74,22928,86,2578,03.09.1978,Salaried,19.10.2018,4,83,1,1,0,0,0,0,0,No Bureau History Available,0,0,0,0,0,0,0,0,0,0,0,0,0,0,0,0,0yrs 0mon,0yrs 0mon,0,0
649254,55263,75609,75.39,74,22928,86,2578,01.01.1990,Self employed,31.10.2018,4,83,1,1,0,0,0,0,17,Not Scored: Not Enough Info available on the customer,1,1,0,57000,57000,57000,0,0,0,0,0,0,0,0,1,0,0yrs 0mon,0yrs 0mon,0,0
511105,30484,67805,45.72,74,22928,86,2578,16.07.1993,Self employed,16.09.2018,4,83,1,1,0,0,0,0,0,No Bureau History Available,0,0,0,0,0,0,0,0,0,0,0,0,0,0,0,0,0yrs 0mon,0yrs 0mon,0,0
520025,27981,64122,46.79,11,21475,45,5961,15.11.1983,Salaried,19.09.2018,3,1464,1,1,0,0,0,0,825,A-Very Low Risk,1,0,0,0,0,0,0,0,0,0,0,0,6904,0,0,0,0yrs 8mon,0yrs 8mon,0,0
437688,44304,72337,66.36,11,21475,45,6013,03.04.1990,Self employed,14.08.2018,3,1464,1,1,0,0,0,0,0,No Bureau History Available,0,0,0,0,0,0,0,0,0,0,0,0,0,0,0,0,0yrs 0mon,0yrs 0mon,0,0
563277,58353,120157,51.6,11,21475,45,5969,05.03.1990,Self employed,08.10.2018,3,1464,1,1,0,0,0,0,0,No Bureau History Available,0,0,0,0,0,0,0,0,0,0,0,0,0,0,0,0,0yrs 0mon,0yrs 0mon,0,0
556967,39549,76513,56.2,11,21475,45,5940,05.07.1992,Self employed,04.10.2018,3,1464,1,1,0,0,0,0,0,No Bureau History Available,0,0,0,0,0,0,0,0,0,0,0,0,0,0,0,0,0yrs 0mon,0yrs 0mon,0,1
427197,50018,70117,77.01,11,21475,45,6013,10.10.1993,Salaried,08.08.2018,3,1464,1,1,0,0,0,0,0,No Bureau History Available,0,0,0,0,0,0,0,0,0,0,0,0,0,0,0,0,0yrs 0mon,0yrs 0mon,0,0
435633,33834,68674,53.88,11,21475,45,5940,10.10.1987,Salaried,13.08.2018,3,1464,1,1,0,0,0,0,0,No Bureau History Available,0,0,0,0,0,0,0,0,0,0,0,0,0,0,0,0,0yrs 0mon,0yrs 0mon,0,0
591028,42969,73466,62.61,11,21475,45,5941,05.05.1985,Self employed,20.10.2018,3,1464,1,1,0,0,0,0,785,B-Very Low Risk,2,2,0,66097,130000,111562,0,0,0,0,0,0,0,0,0,0,2yrs 4mon,2yrs 10mon,0,0
582472,42044,80252,56.07,11,21475,45,5951,04.06.1997,Self employed,16.10.2018,3,1464,1,1,0,0,0,0,0,No Bureau History Available,0,0,0,0,0,0,0,0,0,0,0,0,0,0,0,0,0yrs 0mon,0yrs 0mon,0,0
611638,55013,74968,74.7,11,21475,45,5941,28.10.1991,Self employed,24.10.2018,3,1464,1,1,0,0,0,0,0,No Bureau History Available,0,0,0,0,0,0,0,0,0,0,0,0,0,0,0,0,0yrs 0mon,0yrs 0mon,0,0
552589,38139,76513,52.28,11,21475,45,6013,07.05.1995,Self employed,30.09.2018,3,1464,1,1,0,0,0,0,0,No Bureau History Available,0,0,0,0,0,0,0,0,0,0,0,0,0,0,0,0,0yrs 0mon,0yrs 0mon,0,0
611895,39134,74886,56.09,11,21475,45,6015,24.09.1978,Self employed,24.10.2018,3,1464,1,1,0,0,0,0,710,D-Very Low Risk,3,2,0,264589,280000,280000,0,0,0,0,0,0,0,0,0,0,4yrs 4mon,10yrs 0mon,0,0
561699,22824,67688,36.93,11,21475,45,5940,10.12.1986,Salaried,08.10.2018,3,1464,1,1,0,0,0,0,466,K-High Risk,2,1,0,0,58300,58300,0,0,0,0,0,0,6594,0,0,0,1yrs 9mon,1yrs 11mon,0,0
456164,23201,73124,34.19,11,21475,45,5968,08.10.1991,Self employed,22.08.2018,3,1464,1,1,0,0,0,0,0,No Bureau History Available,0,0,0,0,0,0,0,0,0,0,0,0,0,0,0,0,0yrs 0mon,0yrs 0mon,0,0
557217,30344,75001,42.67,11,21475,45,6013,05.10.1994,Self employed,04.10.2018,3,1464,1,1,0,0,0,0,0,No Bureau History Available,0,0,0,0,0,0,0,0,0,0,0,0,0,0,0,0,0yrs 0mon,0yrs 0mon,0,0
487716,45389,66674,71.99,11,21475,45,5949,10.07.1960,Self employed,03.09.2018,3,1464,1,1,0,0,1,0,708,D-Very Low Risk,4,2,0,6247,56499,56499,0,0,0,0,0,0,0,0,1,0,0yrs 10mon,1yrs 1mon,0,0
487267,41469,58462,76.97,11,21475,45,5987,02.08.1996,Self employed,03.09.2018,3,1464,1,1,0,0,0,0,399,K-High Risk,3,3,1,566737,571197,571197,0,0,0,0,0,0,4637,0,1,1,1yrs 8mon,3yrs 10mon,0,1
633301,23749,74968,34.68,11,21475,45,6024,05.02.1993,Self employed,28.10.2018,3,1464,1,1,0,0,0,0,0,No Bureau History Available,0,0,0,0,0,0,0,0,0,0,0,0,0,0,0,0,0yrs 0mon,0yrs 0mon,0,0
563267,37239,80252,49.84,11,21475,45,5949,09.08.1987,Self employed,08.10.2018,3,1464,1,1,0,0,0,0,0,No Bureau History Available,0,0,0,0,0,0,0,0,0,0,0,0,0,0,0,0,0yrs 0mon,0yrs 0mon,0,0
574227,58353,78682,78.8,11,21475,45,5968,30.08.1995,Self employed,13.10.2018,3,1464,1,1,0,0,0,0,0,No Bureau History Available,0,0,0,0,0,0,0,0,0,0,0,0,0,0,0,0,0yrs 0mon,0yrs 0mon,0,1
553705,47138,64316,79.3,11,21475,45,5968,07.11.1985,Salaried,30.09.2018,3,1464,1,0,0,1,0,0,426,K-High Risk,9,5,1,1579750,1612560,1612560,0,0,0,0,0,0,28991,0,0,0,1yrs 1mon,3yrs 7mon,0,0
496194,47618,68674,74.99,11,21475,45,6013,11.11.1972,Self employed,08.09.2018,3,1464,1,1,0,0,0,0,0,No Bureau History Available,0,0,0,0,0,0,0,0,0,0,0,0,0,0,0,0,0yrs 0mon,0yrs 0mon,0,0
423807,49793,70117,77.01,11,21475,45,5973,17.05.1991,Self employed,06.08.2018,3,1464,1,0,0,0,1,0,832,A-Very Low Risk,4,0,0,0,0,0,0,0,0,0,0,0,0,0,1,0,0yrs 8mon,1yrs 2mon,0,1
531320,44909,75001,62.67,11,21475,45,5951,25.10.1982,Salaried,24.09.2018,3,1464,1,1,0,0,0,0,532,J-High Risk,1,1,0,-60,15000,15000,0,0,0,0,0,0,0,0,0,0,6yrs 8mon,6yrs 8mon,0,0
569871,55013,76110,74.89,11,15893,86,5968,01.01.1983,Self employed,11.10.2018,3,1464,1,1,0,0,0,0,0,No Bureau History Available,0,0,0,0,0,0,0,0,0,0,0,0,0,0,0,0,0yrs 0mon,0yrs 0mon,0,0
499176,69817,97311,73.99,11,22976,51,5969,22.07.1995,Self employed,11.09.2018,3,1464,1,1,0,0,0,0,0,No Bureau History Available,0,0,0,0,0,0,0,0,0,0,0,0,0,0,0,0,0yrs 0mon,0yrs 0mon,0,0
497986,17850,97311,19.53,11,22976,51,5969,05.09.1997,,10.09.2018,3,1464,1,1,0,0,0,0,0,No Bureau History Available,0,0,0,0,0,0,0,0,0,0,0,0,0,0,0,0,0yrs 0mon,0yrs 0mon,0,0
590974,51428,72749,75.6,11,21475,45,5941,05.02.1967,Self employed,20.10.2018,3,1464,1,1,0,0,0,0,17,Not Scored: Not Enough Info available on the customer,1,1,0,183000,183000,183000,0,0,0,0,0,0,0,0,0,0,0yrs 6mon,0yrs 6mon,0,0
523552,36439,73221,51.9,11,23949,45,5969,01.01.1975,Self employed,20.09.2018,3,1464,1,1,0,0,0,0,0,No Bureau History Available,0,0,0,0,0,0,0,0,0,0,0,0,0,0,0,0,0yrs 0mon,0yrs 0mon,0,1
535658,46224,76513,65.35,11,21475,45,5951,15.04.1995,Self employed,25.09.2018,3,1464,1,1,0,0,0,0,0,No Bureau History Available,0,0,0,0,0,0,0,0,0,0,0,0,0,0,0,0,0yrs 0mon,0yrs 0mon,0,0
454193,37629,70035,58.54,11,21475,45,5982,01.04.1984,Self employed,21.08.2018,3,1464,1,0,0,0,1,0,386,K-High Risk,1,1,1,60502,49800,49800,0,0,0,0,0,0,0,0,0,0,6yrs 5mon,6yrs 5mon,0,0
467492,28864,65509,47.32,11,21475,45,5941,10.02.1971,Salaried,28.08.2018,3,1464,1,0,0,0,1,0,821,A-Very Low Risk,2,2,0,8387,52000,42000,0,0,0,0,0,0,0,0,0,0,1yrs 2mon,1yrs 9mon,0,0
451201,40509,72337,60.83,11,21475,45,6000,10.04.1992,Self employed,20.08.2018,3,1464,1,1,0,0,0,0,0,No Bureau History Available,0,0,0,0,0,0,0,0,0,0,0,0,0,0,0,0,0yrs 0mon,0yrs 0mon,0,0
619790,54259,114802,48.78,11,14002,51,5944,31.10.1988,Self employed,25.10.2018,3,1464,1,1,0,0,0,0,0,No Bureau History Available,0,0,0,0,0,0,0,0,0,0,0,0,0,0,0,0,0yrs 0mon,0yrs 0mon,0,0
474488,37639,72337,55.3,11,21475,45,6013,11.12.1992,Self employed,29.08.2018,3,1464,1,0,0,0,1,0,501,K-High Risk,4,1,1,35721,34500,34500,0,0,0,0,0,0,0,0,0,0,2yrs 8mon,5yrs 3mon,0,0
646424,42969,73466,62.61,11,21475,45,5941,10.12.1964,Self employed,31.10.2018,3,1464,1,1,0,0,0,0,0,No Bureau History Available,0,0,0,0,0,0,0,0,0,0,0,0,0,0,0,0,0yrs 0mon,0yrs 0mon,0,0
487455,13990,80776,18.57,11,21475,45,5987,01.01.1973,Self employed,03.09.2018,3,1464,1,1,0,0,0,0,714,D-Very Low Risk,1,1,0,30678,43000,43000,0,0,0,0,0,0,0,0,0,0,4yrs 6mon,4yrs 6mon,0,0
555334,54619,75001,76,11,21475,45,5939,28.09.1965,Self employed,03.10.2018,3,1464,1,1,0,0,0,0,681,E-Low Risk,5,3,0,136048,200000,200000,0,0,0,0,0,0,0,0,1,0,2yrs 5mon,10yrs 10mon,0,0
525545,46869,64122,76.42,11,21475,45,5941,02.10.1988,Salaried,21.09.2018,3,1464,1,1,0,0,0,0,0,No Bureau History Available,0,0,0,0,0,0,0,0,0,0,0,0,0,0,0,0,0yrs 0mon,0yrs 0mon,0,0
650905,38275,71520,55.93,11,21475,45,5939,04.04.1989,Salaried,31.10.2018,3,1464,1,1,0,0,0,0,700,E-Low Risk,8,3,0,196947,217921,217921,0,0,0,0,0,0,0,0,2,0,0yrs 9mon,1yrs 5mon,0,0
478871,40534,68674,62.61,11,21475,45,5968,10.03.1982,Salaried,30.08.2018,3,1464,1,1,0,0,0,0,0,No Bureau History Available,0,0,0,0,0,0,0,0,0,0,0,0,0,0,0,0,0yrs 0mon,0yrs 0mon,0,0
564441,45349,76406,61.51,11,23949,45,5944,05.02.1970,Salaried,09.10.2018,3,1464,1,0,0,0,1,0,0,No Bureau History Available,0,0,0,0,0,0,0,0,0,0,0,0,0,0,0,0,0yrs 0mon,0yrs 0mon,0,0
571292,29524,80252,39.87,11,21475,45,5939,10.10.1974,Self employed,12.10.2018,3,1464,1,0,0,1,0,0,0,No Bureau History Available,0,0,0,0,0,0,0,0,0,0,0,0,0,0,0,0,0yrs 0mon,0yrs 0mon,0,1
613233,57215,74968,79.9,11,21475,45,5963,12.05.1962,Self employed,24.10.2018,3,1464,1,1,0,0,0,0,687,E-Low Risk,14,7,0,364062,506746,506746,0,0,0,0,0,0,322697,0,4,0,2yrs 7mon,6yrs 5mon,0,1
556214,61433,102038,62.72,11,21475,45,5939,15.04.1982,Self employed,03.10.2018,3,1464,1,1,0,0,0,0,0,No Bureau History Available,0,0,0,0,0,0,0,0,0,0,0,0,0,0,0,0,0yrs 0mon,0yrs 0mon,0,0
461292,45264,75344,65.04,11,21475,45,5946,10.05.1990,Self employed,24.08.2018,3,1464,1,1,0,0,0,0,593,I-Medium Risk,1,0,0,0,0,0,0,0,0,0,0,0,0,0,0,0,1yrs 10mon,1yrs 10mon,0,0
503051,36714,77897,51.35,11,21475,45,6015,28.05.1987,Self employed,12.09.2018,3,1464,1,1,0,0,0,0,0,No Bureau History Available,0,0,0,0,0,0,0,0,0,0,0,0,0,0,0,0,0yrs 0mon,0yrs 0mon,0,0
636717,28079,61512,49.62,11,21475,45,5940,01.02.1974,Salaried,29.10.2018,3,1464,1,1,0,0,0,0,620,H-Medium Risk,1,1,0,35442,50000,50000,0,0,0,0,0,0,0,0,0,0,1yrs 4mon,1yrs 4mon,0,0
514873,31484,71925,45.88,11,15893,86,5968,12.05.1996,Self employed,18.09.2018,3,1464,1,1,0,0,0,0,0,No Bureau History Available,0,0,0,0,0,0,0,0,0,0,0,0,0,0,0,0,0yrs 0mon,0yrs 0mon,0,0
496220,50978,77897,70.61,11,21475,45,5940,25.07.1966,Self employed,08.09.2018,3,1464,1,0,0,1,0,0,0,No Bureau History Available,0,0,0,0,0,0,0,0,0,0,0,0,0,0,0,0,0yrs 0mon,0yrs 0mon,0,0
448484,51803,71546,74.78,11,14002,51,5940,26.01.1988,Salaried,18.08.2018,3,1464,1,1,0,0,0,0,0,No Bureau History Available,0,0,0,0,0,0,0,0,0,0,0,0,0,0,0,0,0yrs 0mon,0yrs 0mon,0,0
519926,47645,78840,63.42,11,21475,45,5951,01.05.1990,Self employed,19.09.2018,3,1464,1,1,0,0,0,0,657,F-Low Risk,1,1,0,273198,400000,400000,0,0,0,0,0,0,0,0,0,0,0yrs 11mon,0yrs 11mon,0,0
502266,50078,76047,68.38,11,14002,51,6023,05.08.1988,Self employed,12.09.2018,3,1464,1,1,0,0,0,0,0,No Bureau History Available,0,0,0,0,0,0,0,0,0,0,0,0,0,0,0,0,0yrs 0mon,0yrs 0mon,0,0
536351,49078,73553,69.34,11,13972,49,5988,04.01.1962,Salaried,25.09.2018,3,1464,1,1,0,0,0,0,606,H-Medium Risk,2,0,0,0,0,0,0,0,0,0,0,0,0,0,0,0,1yrs 10mon,2yrs 7mon,1,0
479227,42494,68674,65.53,11,21475,45,6024,06.04.1992,Salaried,30.08.2018,3,1464,1,1,0,0,0,0,0,No Bureau History Available,0,0,0,0,0,0,0,0,0,0,0,0,0,0,0,0,0yrs 0mon,0yrs 0mon,0,0
418525,38589,68674,61.16,11,21475,45,5939,04.10.1974,Self employed,01.08.2018,3,1464,1,1,0,0,1,0,0,No Bureau History Available,0,0,0,0,0,0,0,0,0,0,0,0,0,0,0,0,0yrs 0mon,0yrs 0mon,0,0
492989,32484,68674,49.51,11,21475,45,5968,18.01.1992,Salaried,06.09.2018,3,1464,1,1,0,0,0,0,719,D-Very Low Risk,6,4,0,69679,111400,111400,0,0,0,0,0,0,0,0,1,0,1yrs 0mon,2yrs 6mon,0,0
446424,13990,80776,18.57,11,21475,45,5960,16.06.1981,Self employed,18.08.2018,3,1464,1,0,0,1,0,0,0,No Bureau History Available,0,0,0,0,0,0,0,0,0,0,0,0,0,0,0,0,0yrs 0mon,0yrs 0mon,0,0
556460,25293,75001,35.73,11,21475,45,6015,03.03.1989,Self employed,03.10.2018,3,1464,1,1,0,0,0,0,0,No Bureau History Available,0,0,0,0,0,0,0,0,0,0,0,0,0,0,0,0,0yrs 0mon,0yrs 0mon,0,0
569784,56213,91538,65.55,11,21475,45,5939,05.11.1988,Salaried,11.10.2018,3,1464,1,1,0,0,0,0,708,D-Very Low Risk,4,4,0,15319,49953,49953,0,0,0,0,0,0,0,0,2,0,0yrs 7mon,0yrs 9mon,0,0
429127,39549,59462,72.32,11,21475,45,5983,10.06.1980,Salaried,09.08.2018,3,1464,1,0,0,0,1,0,0,No Bureau History Available,0,0,0,0,0,0,0,0,0,0,0,0,0,0,0,0,0yrs 0mon,0yrs 0mon,0,0
574066,57259,108950,54.15,11,24654,49,5944,26.02.1993,Self employed,13.10.2018,3,1464,1,1,0,0,0,0,0,No Bureau History Available,0,0,0,0,0,0,0,0,0,0,0,0,0,0,0,0,0yrs 0mon,0yrs 0mon,0,0
592168,37239,73466,54.45,11,21475,45,5940,10.02.1985,Salaried,20.10.2018,3,1464,1,1,0,0,0,0,0,No Bureau History Available,0,0,0,0,0,0,0,0,0,0,0,0,0,0,0,0,0yrs 0mon,0yrs 0mon,0,0
535877,49303,68885,74.04,11,15893,86,5969,01.01.1984,,25.09.2018,3,1464,1,1,1,0,0,0,508,K-High Risk,1,1,1,75539,98000,98000,0,0,0,0,0,0,0,0,0,0,5yrs 3mon,5yrs 3mon,0,0
516030,53814,84699,68.48,11,21475,45,5982,01.01.1984,Self employed,18.09.2018,3,1464,1,1,0,0,0,0,0,No Bureau History Available,0,0,0,0,0,0,0,0,0,0,0,0,0,0,0,0,0yrs 0mon,0yrs 0mon,0,0
464437,50018,68674,78.63,11,21475,45,5939,15.01.1989,Salaried,25.08.2018,3,1464,1,1,0,0,0,0,17,Not Scored: Not Enough Info available on the customer,1,1,0,64595,58000,58000,0,0,0,0,0,0,0,0,1,0,0yrs 2mon,0yrs 2mon,0,1
629128,42969,73466,62.61,11,21475,45,5987,01.01.1977,Self employed,27.10.2018,3,1464,1,1,0,0,0,0,607,H-Medium Risk,3,1,0,15093,50000,50000,0,0,0,0,0,0,4570,0,0,0,4yrs 1mon,8yrs 8mon,1,0
504344,40509,70117,62.75,11,21475,45,5945,20.04.1988,Self employed,14.09.2018,3,1464,1,1,0,0,0,0,636,G-Low Risk,2,1,1,55332,53000,53000,0,0,0,0,0,0,0,0,0,0,1yrs 11mon,2yrs 7mon,0,0
562608,71143,117349,63.06,11,21475,45,5940,09.01.1981,Salaried,08.10.2018,3,1464,1,1,0,0,0,0,0,No Bureau History Available,0,0,0,0,0,0,0,0,0,0,0,0,0,0,0,0,0yrs 0mon,0yrs 0mon,0,0
541430,50303,98110,53,11,23151,48,6015,11.03.1982,Self employed,27.09.2018,3,1464,1,1,0,0,0,0,537,J-High Risk,2,1,1,48172,45000,45000,0,0,0,0,0,0,45000,0,0,1,0yrs 11mon,1yrs 3mon,0,1
611231,67657,99486,72.37,11,21475,45,6024,01.09.1973,Self employed,24.10.2018,3,1464,1,1,0,0,0,0,0,No Bureau History Available,0,0,0,0,0,0,0,0,0,0,0,0,0,0,0,0,0yrs 0mon,0yrs 0mon,0,0
518623,31804,62611,54.3,11,21475,45,5940,19.12.1979,Self employed,19.09.2018,3,1464,1,0,0,1,0,0,0,No Bureau History Available,0,0,0,0,0,0,0,0,0,0,0,0,0,0,0,0,0yrs 0mon,0yrs 0mon,0,0
526081,49763,75001,69.33,11,21475,45,5939,03.05.1986,Salaried,21.09.2018,3,1464,1,0,0,0,1,0,0,No Bureau History Available,0,0,0,0,0,0,0,0,0,0,0,0,0,0,0,0,0yrs 0mon,0yrs 0mon,0,0
605821,23651,74886,33.38,11,21475,45,6024,19.06.1981,Self employed,23.10.2018,3,1464,1,1,0,0,0,0,623,H-Medium Risk,3,2,1,107858,167370,167370,0,0,0,0,0,0,6614,0,0,0,3yrs 6mon,6yrs 8mon,0,1
640707,55489,74968,78.7,11,21475,45,6015,16.08.1982,Self employed,30.10.2018,3,1464,1,1,0,0,0,0,655,F-Low Risk,3,1,1,403667,400000,400000,0,0,0,0,0,0,13750,0,0,0,1yrs 4mon,2yrs 1mon,0,1
501414,50303,78840,65.96,11,23949,45,5955,08.02.1984,Self employed,12.09.2018,3,1464,1,1,0,0,0,0,686,E-Low Risk,3,3,0,54892,66595,66595,0,0,0,0,0,0,0,0,2,0,0yrs 11mon,2yrs 11mon,0,0
462516,50018,68674,78.63,11,21475,45,5968,05.03.1995,Salaried,24.08.2018,3,1464,1,1,0,0,0,0,597,I-Medium Risk,1,1,0,34350,56500,56500,0,0,0,0,0,0,0,0,0,0,1yrs 11mon,1yrs 11mon,0,1
577837,28554,78682,39.4,11,21475,45,5951,25.03.1987,Self employed,14.10.2018,3,1464,1,1,0,0,0,0,0,No Bureau History Available,0,0,0,0,0,0,0,0,0,0,0,0,0,0,0,0,0yrs 0mon,0yrs 0mon,0,0
555369,54373,75001,76,11,21475,45,5939,29.06.1987,Self employed,03.10.2018,3,1464,1,1,0,0,0,0,0,No Bureau History Available,0,0,0,0,0,0,0,0,0,0,0,0,0,0,0,0,0yrs 0mon,0yrs 0mon,0,0
542953,49369,76513,67.44,11,21475,45,5988,04.05.1985,Salaried,27.09.2018,3,1464,1,1,0,0,0,0,17,Not Scored: Not Enough Info available on the customer,3,1,0,19950,34200,34200,0,0,0,0,0,0,45616,0,1,0,1yrs 3mon,1yrs 11mon,1,0
624963,42969,73466,62.61,11,21475,45,6024,05.04.1994,Self employed,26.10.2018,3,1464,1,1,0,0,0,0,0,No Bureau History Available,0,0,0,0,0,0,0,0,0,0,0,0,0,0,0,0,0yrs 0mon,0yrs 0mon,0,0
465650,29844,70117,45.64,11,21475,45,5957,10.05.1983,Self employed,26.08.2018,3,1464,1,1,0,0,0,0,599,I-Medium Risk,2,2,1,2166,24400,24400,0,0,0,0,0,0,0,0,1,1,0yrs 6mon,0yrs 10mon,0,0
454141,46224,72337,69.12,11,21475,45,6000,10.03.1997,Self employed,21.08.2018,3,1464,1,1,0,0,0,0,0,No Bureau History Available,0,0,0,0,0,0,0,0,0,0,0,0,0,0,0,0,0yrs 0mon,0yrs 0mon,0,0
459594,39554,64767,64.85,11,21475,45,5939,19.11.1992,Salaried,23.08.2018,3,1464,1,0,0,1,0,0,762,B-Very Low Risk,3,2,0,1730,32800,32800,0,0,0,0,0,0,0,0,0,0,0yrs 11mon,1yrs 2mon,0,0
580730,44909,80252,59.81,11,21475,45,5940,01.01.1990,Self employed,15.10.2018,3,1464,1,1,0,0,0,0,698,E-Low Risk,4,3,0,10695,17389,17389,0,0,0,0,0,0,0,0,2,0,1yrs 1mon,3yrs 4mon,0,1
514902,52703,78840,69.76,11,21475,45,5949,02.05.1994,Self employed,18.09.2018,3,1464,1,1,0,0,0,0,0,No Bureau History Available,0,0,0,0,0,0,0,0,0,0,0,0,0,0,0,0,0yrs 0mon,0yrs 0mon,0,0
542594,27204,75001,40,11,21475,45,5968,01.01.1977,Self employed,27.09.2018,3,1464,1,1,0,0,0,0,300,M-Very High Risk,2,0,1,0,0,0,0,0,0,0,0,0,2813,0,0,0,2yrs 6mon,2yrs 11mon,0,1
562770,56013,80906,71.69,11,24654,49,5940,16.07.2000,,08.10.2018,3,1464,1,1,0,0,0,0,0,No Bureau History Available,0,0,0,0,0,0,0,0,0,0,0,0,0,0,0,0,0yrs 0mon,0yrs 0mon,0,0
465647,42864,58462,79.54,11,21475,45,5941,09.11.1993,Self employed,26.08.2018,3,1464,1,1,0,0,0,0,0,No Bureau History Available,0,0,0,0,0,0,0,0,0,0,0,0,0,0,0,0,0yrs 0mon,0yrs 0mon,0,0
614418,45879,74886,65.43,11,21475,45,5940,21.02.1976,Self employed,24.10.2018,3,1464,1,1,0,0,0,0,785,B-Very Low Risk,2,0,0,0,0,0,0,0,0,0,0,0,0,0,0,0,2yrs 10mon,4yrs 7mon,12,0
618283,45889,74968,64.03,11,21475,45,5940,15.08.1987,Salaried,25.10.2018,3,1464,1,1,0,0,0,0,0,No Bureau History Available,0,0,0,0,0,0,0,0,0,0,0,0,0,0,0,0,0yrs 0mon,0yrs 0mon,0,0
555348,39365,64122,67.06,11,21475,45,6024,02.01.1972,Self employed,03.10.2018,3,1464,1,1,0,0,0,0,590,I-Medium Risk,2,1,1,34510,142179,142179,0,0,0,0,0,0,0,0,0,0,3yrs 4mon,5yrs 6mon,0,1
426629,58959,77786,77.13,5,20973,120,3434,10.06.1985,Salaried,07.08.2018,9,384,1,1,0,0,0,0,0,No Bureau History Available,0,0,0,0,0,0,0,0,0,0,0,0,0,0,0,0,0yrs 0mon,0yrs 0mon,0,0
419656,47049,102800,46.69,5,15996,120,3386,12.06.1992,Salaried,03.08.2018,9,384,1,0,0,1,0,0,488,K-High Risk,6,5,2,68055,157500,157500,0,0,0,0,0,0,5438,0,0,1,0yrs 9mon,1yrs 3mon,0,0
426594,58959,69613,86.19,5,14145,86,3373,20.01.1982,Salaried,07.08.2018,9,384,1,1,0,0,0,0,681,E-Low Risk,2,1,0,4898,4898,4898,0,0,0,0,0,0,2417,0,1,0,0yrs 8mon,1yrs 3mon,0,0
419950,58959,77536,77.38,5,20973,120,3353,07.05.1996,Salaried,03.08.2018,9,384,1,1,0,1,0,0,0,No Bureau History Available,0,0,0,0,0,0,0,0,0,0,0,0,0,0,0,0,0yrs 0mon,0yrs 0mon,0,0
426000,64369,86705,75.54,5,20973,120,3434,01.01.1989,Salaried,07.08.2018,9,384,1,0,0,0,1,0,0,No Bureau History Available,0,0,0,0,0,0,0,0,0,0,0,0,0,0,0,0,0yrs 0mon,0yrs 0mon,0,1
417990,47549,85100,58.75,5,15642,120,3363,02.04.1994,Self employed,01.08.2018,9,384,1,1,1,0,0,0,16,Not Scored: No Activity seen on the customer (Inactive),2,1,0,0,0,0,0,0,0,0,0,0,0,0,0,0,1yrs 6mon,1yrs 9mon,0,0
419161,57959,67667,87.19,5,14145,86,3365,20.05.1973,Salaried,03.08.2018,9,384,1,1,0,0,0,0,608,H-Medium Risk,1,0,0,0,0,0,0,0,0,0,0,0,4321,0,0,0,4yrs 1mon,4yrs 1mon,0,0
422815,40044,83305,51.02,20,16637,48,6183,07.06.1993,Self employed,06.08.2018,5,385,1,1,0,0,0,0,0,No Bureau History Available,0,0,0,0,0,0,0,0,0,0,0,0,0,0,0,0,0yrs 0mon,0yrs 0mon,0,0
635245,49078,68329,74.64,20,23343,49,6182,01.01.1993,Salaried,29.10.2018,5,385,1,1,0,0,0,0,596,I-Medium Risk,1,1,1,12734,11775,11775,0,0,0,0,0,0,0,0,0,1,2yrs 1mon,2yrs 1mon,0,1
514280,60213,88077,69.26,20,18633,145,6180,03.04.1994,Self employed,18.09.2018,5,385,1,1,0,0,0,0,519,K-High Risk,2,2,1,51528,100003,100003,0,0,0,0,0,0,0,0,0,0,1yrs 10mon,2yrs 8mon,0,0
516461,49149,66530,74.85,20,22882,86,6188,04.06.1964,Self employed,19.09.2018,5,385,1,1,0,0,0,0,0,No Bureau History Available,0,0,0,0,0,0,0,0,0,0,0,0,0,0,0,0,0yrs 0mon,0yrs 0mon,0,0
553920,57813,70888,84.64,20,14444,120,6185,04.06.1972,Self employed,30.09.2018,5,385,1,1,0,0,0,0,0,No Bureau History Available,0,0,0,0,0,0,0,0,0,0,0,0,0,0,0,0,0yrs 0mon,0yrs 0mon,0,0
509038,49349,66530,75.15,20,22882,86,6181,05.07.1991,Salaried,15.09.2018,5,385,1,0,0,0,1,0,0,No Bureau History Available,0,0,0,0,0,0,0,0,0,0,0,0,0,0,0,0,0yrs 0mon,0yrs 0mon,0,0
439871,40394,67677,62.06,20,22852,45,6182,04.06.1975,Self employed,16.08.2018,5,385,1,1,0,0,0,0,0,No Bureau History Available,0,0,0,0,0,0,0,0,0,0,0,0,0,0,0,0,0yrs 0mon,0yrs 0mon,0,1
486138,49303,67677,75.36,20,22852,45,6245,23.05.1990,Salaried,31.08.2018,5,385,1,1,0,0,0,0,0,No Bureau History Available,0,0,0,0,0,0,0,0,0,0,0,0,0,0,0,0,0yrs 0mon,0yrs 0mon,0,0
651134,51303,63948,81.32,20,22852,45,6199,01.04.1988,Self employed,31.10.2018,5,385,1,1,0,0,0,0,737,C-Very Low Risk,1,1,0,41019,47000,47000,0,0,0,0,0,0,2542,0,1,0,0yrs 5mon,0yrs 5mon,0,0
501063,51803,66530,79.66,20,22882,86,6184,25.04.1987,Self employed,12.09.2018,5,385,1,1,0,0,0,0,0,No Bureau History Available,0,0,0,0,0,0,0,0,0,0,0,0,0,0,0,0,0yrs 0mon,0yrs 0mon,0,0
546505,46300,60580,79.23,20,22852,45,6182,02.04.1978,Self employed,28.09.2018,5,385,1,0,0,1,0,0,0,No Bureau History Available,0,0,0,0,0,0,0,0,0,0,0,0,0,0,0,0,0yrs 0mon,0yrs 0mon,0,0
490052,50078,62551,83.13,20,22852,45,6182,03.04.1991,Self employed,05.09.2018,5,385,1,1,0,0,0,0,738,C-Very Low Risk,1,1,0,9771,20000,20000,0,0,0,0,0,0,1600,0,0,0,0yrs 10mon,0yrs 10mon,0,0
610510,27529,69013,40.57,20,22882,86,6184,05.07.1995,Salaried,24.10.2018,5,385,1,1,0,0,0,0,0,No Bureau History Available,0,0,0,0,0,0,0,0,0,0,0,0,0,0,0,0,0yrs 0mon,0yrs 0mon,0,0
647124,62197,75686,84.56,20,22882,86,6182,12.06.1986,Self employed,31.10.2018,5,385,1,1,0,0,0,0,0,No Bureau History Available,0,0,0,0,0,0,0,0,0,0,0,0,0,0,0,0,0yrs 0mon,0yrs 0mon,0,0
474465,60947,84635,74.44,20,18633,145,6180,04.06.1982,Self employed,29.08.2018,5,385,1,1,0,0,0,0,16,Not Scored: No Activity seen on the customer (Inactive),1,0,0,0,0,0,0,0,0,0,0,0,0,0,0,0,0yrs 8mon,0yrs 8mon,0,0
547446,43394,65488,67.19,20,22852,45,6182,05.07.1980,Self employed,29.09.2018,5,385,1,1,0,0,0,0,825,A-Very Low Risk,2,1,0,29952,35000,35000,0,0,0,0,0,0,4619,0,1,0,0yrs 8mon,1yrs 0mon,0,0
623405,71417,103842,69.91,20,15212,51,6184,03.04.1995,Self employed,26.10.2018,5,385,1,1,0,0,0,0,0,No Bureau History Available,0,0,0,0,0,0,0,0,0,0,0,0,0,0,0,0,0yrs 0mon,0yrs 0mon,0,0
468987,42094,71644,61,20,22882,86,6181,04.06.1965,Self employed,28.08.2018,5,385,1,1,0,0,0,0,0,No Bureau History Available,0,0,0,0,0,0,0,0,0,0,0,0,0,0,0,0,0yrs 0mon,0yrs 0mon,0,1
476173,45545,63455,73.91,20,22882,86,6185,04.06.1968,Self employed,30.08.2018,5,385,1,1,0,0,0,0,0,No Bureau History Available,0,0,0,0,0,0,0,0,0,0,0,0,0,0,0,0,0yrs 0mon,0yrs 0mon,0,0
434694,66169,97824,69.51,20,22882,86,6200,03.04.1994,Self employed,12.08.2018,5,385,1,1,0,0,0,0,0,No Bureau History Available,0,0,0,0,0,0,0,0,0,0,0,0,0,0,0,0,0yrs 0mon,0yrs 0mon,0,0
640266,50303,71762,71.07,20,24745,45,6181,04.06.1986,Self employed,30.10.2018,5,385,1,1,0,0,0,0,671,F-Low Risk,1,1,0,-737,1015,1015,0,0,0,0,0,0,0,0,0,0,4yrs 0mon,4yrs 0mon,0,0
542329,48349,66530,73.65,20,22882,86,6183,04.08.1960,Self employed,27.09.2018,5,385,1,1,0,0,0,0,16,Not Scored: No Activity seen on the customer (Inactive),1,0,1,0,0,0,0,0,0,0,0,0,2579,0,0,0,3yrs 9mon,3yrs 9mon,0,0
586372,59513,72892,82.73,20,22882,86,6180,19.04.1980,Salaried,18.10.2018,5,385,1,1,0,0,0,0,738,C-Very Low Risk,3,3,0,6121,35849,35849,0,0,0,0,0,0,0,0,2,0,0yrs 6mon,0yrs 9mon,0,1
500778,71717,105663,69.94,20,23822,48,6180,03.04.1992,Self employed,12.09.2018,5,385,1,1,0,0,0,0,0,No Bureau History Available,0,0,0,0,0,0,0,0,0,0,0,0,0,0,0,0,0yrs 0mon,0yrs 0mon,0,1
434687,49803,72043,71.49,20,22882,86,6180,15.02.1968,Self employed,12.08.2018,5,385,1,1,0,0,0,0,17,Not Scored: Not Enough Info available on the customer,1,1,0,86141,90000,90000,0,0,0,0,0,0,90000,0,0,0,0yrs 10mon,0yrs 10mon,0,0
540902,37939,61550,63.36,20,13931,45,6207,13.06.1992,Salaried,27.09.2018,5,385,1,1,0,0,0,0,0,No Bureau History Available,0,0,0,0,0,0,0,0,0,0,0,0,0,0,0,0,0yrs 0mon,0yrs 0mon,0,0
501188,54163,70309,78.23,20,22882,86,6181,04.06.1971,Self employed,12.09.2018,5,385,1,1,0,0,0,0,763,B-Very Low Risk,3,1,0,0,42999,42999,0,0,0,0,0,0,0,0,0,0,0yrs 11mon,1yrs 3mon,0,0
500772,44394,66530,67.64,20,22882,86,6181,02.07.1975,Self employed,12.09.2018,5,385,1,1,0,0,0,0,0,No Bureau History Available,0,0,0,0,0,0,0,0,0,0,0,0,0,0,0,0,0yrs 0mon,0yrs 0mon,0,0
646172,59963,69013,89.11,20,22882,86,6180,21.08.1991,Self employed,31.10.2018,5,385,1,1,0,0,0,0,398,K-High Risk,7,3,2,2182747,2195000,2195000,0,0,0,0,0,0,67,0,0,1,1yrs 1mon,1yrs 11mon,1,0
501393,40694,73518,56.18,20,13931,45,6184,01.01.1984,Salaried,12.09.2018,5,385,1,1,0,0,0,0,774,B-Very Low Risk,1,1,0,0,33000,33000,0,0,0,0,0,0,0,0,0,0,3yrs 4mon,3yrs 4mon,0,0
420775,34455,63455,56.73,20,22882,86,6180,25.05.1978,Salaried,03.08.2018,5,385,1,1,0,0,0,0,0,No Bureau History Available,0,0,0,0,0,0,0,0,0,0,0,0,0,0,0,0,0yrs 0mon,0yrs 0mon,0,0
615105,70317,102503,69.75,20,15212,51,6181,04.06.1982,Self employed,24.10.2018,5,385,1,1,0,0,0,0,583,I-Medium Risk,4,3,1,209981,375387,375387,0,0,0,0,0,0,0,0,0,1,1yrs 5mon,2yrs 3mon,0,0
425858,63349,97681,67.57,20,22882,86,6181,15.04.1992,Self employed,07.08.2018,5,385,1,1,0,0,0,0,0,No Bureau History Available,0,0,0,0,0,0,0,0,0,0,0,0,0,0,0,0,0yrs 0mon,0yrs 0mon,0,1
465435,55115,68634,83.2,20,22882,86,6181,04.06.1979,Salaried,26.08.2018,5,385,1,1,0,0,0,0,0,No Bureau History Available,0,0,0,0,0,0,0,0,0,0,0,0,0,0,0,0,0yrs 0mon,0yrs 0mon,1,0
529532,51303,69909,74.38,20,23343,49,6181,04.06.1986,Salaried,23.09.2018,5,385,1,1,0,0,0,0,0,No Bureau History Available,0,0,0,0,0,0,0,0,0,0,0,0,0,0,0,0,0yrs 0mon,0yrs 0mon,0,1
458308,67382,97824,71.05,20,22882,86,6180,04.05.1984,Salaried,23.08.2018,5,385,1,1,0,0,0,0,0,No Bureau History Available,0,0,0,0,0,0,0,0,0,0,0,0,0,0,0,0,0yrs 0mon,0yrs 0mon,0,1
510748,57013,73518,78.89,20,13931,45,6181,01.01.1982,Self employed,16.09.2018,5,385,1,1,0,0,0,0,0,No Bureau History Available,0,0,0,0,0,0,0,0,0,0,0,0,0,0,0,0,0yrs 0mon,0yrs 0mon,0,1
430468,106648,160108,69.95,20,23183,67,6183,03.04.1990,Self employed,10.08.2018,5,385,1,1,0,0,0,0,308,L-Very High Risk,3,3,1,42523,71000,71000,0,0,0,0,0,0,4298,0,1,2,0yrs 11mon,1yrs 11mon,0,0
578622,65169,88555,74.53,20,22882,86,6181,05.05.1974,Self employed,15.10.2018,5,385,1,0,0,0,1,0,693,E-Low Risk,11,3,0,0,43000,43000,0,0,0,0,0,0,0,0,0,0,1yrs 6mon,2yrs 10mon,0,0
425332,42300,59732,73.66,20,22852,45,6182,09.04.1992,Self employed,07.08.2018,5,385,1,1,0,0,0,0,0,No Bureau History Available,0,0,0,0,0,0,0,0,0,0,0,0,0,0,0,0,0yrs 0mon,0yrs 0mon,0,0
418037,38439,54272,71.86,20,13931,45,6187,02.03.1995,Self employed,01.08.2018,5,385,1,1,0,0,0,0,0,No Bureau History Available,0,0,0,0,0,0,0,0,0,0,0,0,0,0,0,0,0yrs 0mon,0yrs 0mon,0,0
452659,45349,63455,74.07,20,22882,86,6181,15.07.1973,Self employed,21.08.2018,5,385,1,1,0,0,0,0,0,No Bureau History Available,0,0,0,0,0,0,0,0,0,0,0,0,0,0,0,0,0yrs 0mon,0yrs 0mon,0,1
617355,51578,69013,76.07,20,22882,86,6180,25.05.1987,Salaried,25.10.2018,5,385,1,1,0,0,0,0,738,C-Very Low Risk,11,2,0,14010,110000,110000,0,0,0,0,0,0,29746,0,0,0,1yrs 2mon,2yrs 1mon,2,0
434691,48145,63455,78.8,20,22882,86,6183,04.05.1985,Self employed,12.08.2018,5,385,1,1,0,0,0,0,0,No Bureau History Available,0,0,0,0,0,0,0,0,0,0,0,0,0,0,0,0,0yrs 0mon,0yrs 0mon,0,1
635240,47145,70764,67.83,20,22882,86,6183,04.08.1974,Self employed,29.10.2018,5,385,1,1,0,0,0,0,734,D-Very Low Risk,8,8,0,262669,448100,422978,0,0,0,0,0,0,0,0,4,0,0yrs 9mon,1yrs 6mon,0,0
486234,72717,97824,76.57,20,22882,86,6182,02.06.1972,Self employed,31.08.2018,5,385,1,1,0,0,0,0,17,Not Scored: Not Enough Info available on the customer,1,1,0,74900,74900,74900,0,0,0,0,0,0,0,0,1,0,0yrs 0mon,0yrs 0mon,0,1
646006,49328,69013,73.9,20,22882,86,6182,04.02.1973,Self employed,31.10.2018,5,385,1,1,0,0,0,0,0,No Bureau History Available,0,0,0,0,0,0,0,0,0,0,0,0,0,0,0,0,0yrs 0mon,0yrs 0mon,0,0
529507,45300,73893,63.61,20,22852,45,6245,01.04.1986,Self employed,23.09.2018,5,385,1,1,0,0,0,0,0,No Bureau History Available,0,0,0,0,0,0,0,0,0,0,0,0,0,0,0,0,0yrs 0mon,0yrs 0mon,0,0
561128,41122,68423,60.65,20,22882,86,6183,23.05.1981,Salaried,08.10.2018,5,385,1,1,0,0,0,0,738,C-Very Low Risk,1,1,0,41280,50000,50000,0,0,0,0,0,0,0,0,0,0,4yrs 1mon,4yrs 1mon,1,0
636375,47349,64710,75.72,20,22852,45,6182,01.01.1986,Self employed,29.10.2018,5,385,1,1,0,0,0,0,0,No Bureau History Available,0,0,0,0,0,0,0,0,0,0,0,0,0,0,0,0,0yrs 0mon,0yrs 0mon,0,1
521409,66082,95288,70.52,20,16637,48,6181,01.01.1964,Self employed,20.09.2018,5,385,1,1,0,0,0,0,0,No Bureau History Available,0,0,0,0,0,0,0,0,0,0,0,0,0,0,0,0,0yrs 0mon,0yrs 0mon,0,1
465266,50078,59163,87.89,20,22882,86,6181,18.08.1995,Salaried,26.08.2018,5,385,1,1,0,0,0,0,0,No Bureau History Available,0,0,0,0,0,0,0,0,0,0,0,0,0,0,0,0,0yrs 0mon,0yrs 0mon,0,0
645152,52553,72723,74.25,20,22882,86,6182,01.01.1960,Self employed,30.10.2018,5,385,1,1,0,0,0,0,0,No Bureau History Available,0,0,0,0,0,0,0,0,0,0,0,0,0,0,0,0,0yrs 0mon,0yrs 0mon,0,0
622572,54303,71063,77.4,20,22882,86,6181,02.03.1978,Self employed,26.10.2018,5,385,1,1,0,0,0,0,0,No Bureau History Available,0,0,0,0,0,0,0,0,0,0,0,0,0,0,0,0,0yrs 0mon,0yrs 0mon,0,0
516048,54303,91700,59.98,20,18633,145,6180,01.06.1996,Self employed,18.09.2018,5,385,1,1,0,0,0,0,0,No Bureau History Available,0,0,0,0,0,0,0,0,0,0,0,0,0,0,0,0,0yrs 0mon,0yrs 0mon,0,0
646119,53803,70764,77.02,20,22882,86,6183,04.06.1967,Self employed,31.10.2018,5,385,1,0,0,1,0,0,519,K-High Risk,3,3,1,241436,666990,600768,0,0,0,0,0,0,13445,0,1,1,1yrs 3mon,3yrs 4mon,1,0
494129,52303,69098,78.15,20,22882,86,6181,04.06.1982,Salaried,07.09.2018,5,385,1,1,0,0,0,0,738,C-Very Low Risk,1,1,0,4162,12490,12490,0,0,0,0,0,0,0,0,1,0,0yrs 4mon,0yrs 4mon,0,0
540704,18619,66434,28.????,20,13931,45,6182,02.07.1978,Self employed,27.09.2018,5,385,1,1,0,0,0,0,0,No Bureau History Available,0,0,0,0,0,0,0,0,0,0,0,0,0,0,0,0,0yrs 0mon,0yrs 0mon,0,0
446069,46945,56049,87.07,20,22882,86,6180,01.01.1980,Salaried,17.08.2018,5,385,1,1,0,0,0,0,0,No Bureau History Available,0,0,0,0,0,0,0,0,0,0,0,0,0,0,0,0,0yrs 0mon,0yrs 0mon,0,1
472197,39394,67082,61.12,20,22882,86,6184,03.04.1995,Self employed,29.08.2018,5,385,1,1,0,0,0,0,0,No Bureau History Available,0,0,0,0,0,0,0,0,0,0,0,0,0,0,0,0,0yrs 0mon,0yrs 0mon,0,0
439277,42394,54432,79,20,13931,45,6180,25.11.1958,Salaried,14.08.2018,5,385,1,1,0,0,0,0,17,Not Scored: Not Enough Info available on the customer,4,3,1,594220,618000,618000,0,0,0,0,0,0,240100,0,1,1,2yrs 3mon,4yrs 1mon,0,0
617312,42894,69013,63.03,20,22882,86,6188,14.07.1997,Self employed,25.10.2018,5,385,1,0,0,1,0,0,0,No Bureau History Available,0,0,0,0,0,0,0,0,0,0,0,0,0,0,0,0,0yrs 0mon,0yrs 0mon,0,0
530516,66882,85575,79.46,20,22882,86,6181,02.01.1993,Self employed,23.09.2018,5,385,1,1,0,0,0,0,15,Not Scored: Sufficient History Not Available,1,1,0,8800,13200,13200,0,0,0,0,0,0,0,0,1,0,0yrs 0mon,0yrs 0mon,0,0
640011,54303,69013,79.7,20,22882,86,6183,02.09.1978,Salaried,30.10.2018,5,385,1,0,0,0,1,0,0,No Bureau History Available,0,0,0,0,0,0,0,0,0,0,0,0,0,0,0,0,0yrs 0mon,0yrs 0mon,0,1
429016,35439,63455,58.31,20,22882,86,6181,04.07.1980,Self employed,09.08.2018,5,385,1,1,0,0,0,0,783,B-Very Low Risk,2,1,0,0,19500,19500,0,0,0,0,0,0,0,0,0,0,1yrs 4mon,2yrs 0mon,0,0
645881,53303,80049,67.46,20,22882,86,6181,01.01.1980,Self employed,31.10.2018,5,385,1,1,0,0,0,0,738,C-Very Low Risk,2,2,0,6081,17265,17265,0,0,0,0,0,0,0,0,2,0,0yrs 5mon,0yrs 5mon,0,0
639295,34439,62011,56.44,20,22852,45,6182,02.06.1966,Self employed,29.10.2018,5,385,1,1,0,0,0,0,0,No Bureau History Available,0,0,0,0,0,0,0,0,0,0,0,0,0,0,0,0,0yrs 0mon,0yrs 0mon,0,0
613198,62213,88555,71.14,20,22882,86,6180,08.05.1979,Self employed,24.10.2018,5,385,1,1,0,0,0,0,0,No Bureau History Available,0,0,0,0,0,0,0,0,0,0,0,0,0,0,0,0,0yrs 0mon,0yrs 0mon,0,0
513979,48349,74694,65.6,20,22882,86,6181,05.09.1982,Salaried,18.09.2018,5,385,1,1,0,0,0,0,0,No Bureau History Available,0,0,0,0,0,0,0,0,0,0,0,0,0,0,0,0,0yrs 0mon,0yrs 0mon,0,0
425227,49103,67761,74.97,20,23343,49,6180,05.06.1986,Salaried,07.08.2018,5,385,1,1,0,0,0,0,634,G-Low Risk,6,6,0,133610,226133,226133,0,0,0,0,0,0,111860,0,2,0,1yrs 7mon,4yrs 4mon,0,0
534184,43394,65488,68.71,20,22852,45,6182,01.01.1975,Self employed,25.09.2018,5,385,1,1,0,0,0,0,0,No Bureau History Available,0,0,0,0,0,0,0,0,0,0,0,0,0,0,0,0,0yrs 0mon,0yrs 0mon,0,0
452871,52703,74245,73.27,20,22882,86,6184,04.05.1978,Self employed,21.08.2018,5,385,1,1,0,0,0,0,0,No Bureau History Available,0,0,0,0,0,0,0,0,0,0,0,0,0,0,0,0,0yrs 0mon,0yrs 0mon,0,0
635232,46349,72892,64.48,20,22882,86,6183,04.06.1994,Salaried,29.10.2018,5,385,1,1,0,0,0,0,0,No Bureau History Available,0,0,0,0,0,0,0,0,0,0,0,0,0,0,0,0,0yrs 0mon,0yrs 0mon,0,0
632406,49349,76436,65.41,20,22852,45,6182,04.08.1968,Self employed,27.10.2018,5,385,1,1,0,0,0,0,0,No Bureau History Available,0,0,0,0,0,0,0,0,0,0,0,0,0,0,0,0,0yrs 0mon,0yrs 0mon,0,0
610364,36375,49690,74.66,20,15212,51,6182,04.06.1965,Self employed,24.10.2018,5,385,1,1,0,0,0,0,0,No Bureau History Available,0,0,0,0,0,0,0,0,0,0,0,0,0,0,0,0,0yrs 0mon,0yrs 0mon,0,0
458295,44849,62409,74.51,20,16637,48,6182,07.01.1991,Self employed,23.08.2018,5,385,1,1,0,0,0,0,0,No Bureau History Available,0,0,0,0,0,0,0,0,0,0,0,0,0,0,0,0,0yrs 0mon,0yrs 0mon,0,1
559738,56259,85897,67.52,20,22882,86,6181,01.06.1973,Salaried,06.10.2018,5,385,1,1,0,0,0,0,300,M-Very High Risk,9,4,3,1152699,967014,897014,0,0,0,0,0,0,35269,0,2,0,4yrs 3mon,11yrs 4mon,0,0
542093,50303,73542,69.35,20,22852,45,6181,10.05.1970,Salaried,27.09.2018,5,385,1,1,0,0,0,0,719,D-Very Low Risk,7,5,0,602696,1007561,927561,0,0,0,0,0,0,5681,0,1,0,2yrs 2mon,6yrs 5mon,0,0
578290,27829,85575,33.07,20,22882,86,6181,11.08.1984,Salaried,15.10.2018,5,385,1,1,0,0,0,0,666,F-Low Risk,3,1,0,0,35000,2280,0,0,0,0,0,0,0,0,0,0,1yrs 5mon,2yrs 9mon,0,0
529502,47349,64679,74.21,20,22882,86,6180,15.04.1996,Salaried,23.09.2018,5,385,1,1,0,0,0,0,0,No Bureau History Available,0,0,0,0,0,0,0,0,0,0,0,0,0,0,0,0,0yrs 0mon,0yrs 0mon,0,1
628981,54078,76436,71.96,20,22852,45,6182,09.07.1988,Self employed,27.10.2018,5,385,1,1,0,0,0,0,0,No Bureau History Available,0,0,0,0,0,0,0,0,0,0,0,0,0,0,0,0,0yrs 0mon,0yrs 0mon,0,0
561159,31784,74694,43.24,20,22882,86,6183,05.07.1994,Salaried,08.10.2018,5,385,1,1,0,0,0,0,0,No Bureau History Available,0,0,0,0,0,0,0,0,0,0,0,0,0,0,0,0,0yrs 0mon,0yrs 0mon,0,0
628964,105208,166206,66.18,20,23183,67,6181,04.06.1982,Self employed,27.10.2018,5,385,1,1,0,0,0,0,0,No Bureau History Available,0,0,0,0,0,0,0,0,0,0,0,0,0,0,0,0,0yrs 0mon,0yrs 0mon,1,0
479997,37439,59732,65.29,20,22852,45,6182,04.05.1972,Self employed,31.08.2018,5,385,1,1,0,0,0,0,0,No Bureau History Available,0,0,0,0,0,0,0,0,0,0,0,0,0,0,0,0,0yrs 0mon,0yrs 0mon,0,0
540597,49349,60309,82.91,20,13931,45,6184,01.02.1985,Self employed,27.09.2018,5,385,1,0,0,1,0,0,15,Not Scored: Sufficient History Not Available,1,1,0,24810,24990,24990,0,0,0,0,0,0,0,0,1,0,0yrs 1mon,0yrs 1mon,0,0
544883,47349,65488,73.3,20,22852,45,6182,01.01.1986,Self employed,28.09.2018,5,385,1,1,0,0,0,0,0,No Bureau History Available,0,0,0,0,0,0,0,0,0,0,0,0,0,0,0,0,0yrs 0mon,0yrs 0mon,0,0
633194,41194,88555,47.2,20,22882,86,6181,01.07.1968,Self employed,28.10.2018,5,385,1,1,0,0,0,0,0,No Bureau History Available,0,0,0,0,0,0,0,0,0,0,0,0,0,0,0,0,0yrs 0mon,0yrs 0mon,0,0
455809,49903,67300,75.78,20,13926,45,6180,04.06.1978,Salaried,22.08.2018,5,385,1,0,0,1,0,0,0,No Bureau History Available,0,0,0,0,0,0,0,0,0,0,0,0,0,0,0,0,0yrs 0mon,0yrs 0mon,0,1
492057,37641,74694,51.54,20,22882,86,6184,01.01.1966,Self employed,06.09.2018,5,385,1,1,0,0,0,0,0,No Bureau History Available,0,0,0,0,0,0,0,0,0,0,0,0,0,0,0,0,0yrs 0mon,0yrs 0mon,0,0
498883,43894,74694,59.58,20,22882,86,6243,15.08.1988,Salaried,11.09.2018,5,385,1,1,0,0,0,0,0,No Bureau History Available,0,0,0,0,0,0,0,0,0,0,0,0,0,0,0,0,0yrs 0mon,0yrs 0mon,0,0
460270,50017,83305,63.62,20,16637,48,6185,03.09.1974,Self employed,24.08.2018,5,385,1,1,0,0,0,0,680,F-Low Risk,1,1,0,11788,40000,40000,0,0,0,0,0,0,0,0,0,0,1yrs 6mon,1yrs 6mon,0,0
576854,49049,66362,74.89,20,22882,86,6182,14.05.1990,Self employed,14.10.2018,5,385,1,1,0,0,0,0,523,J-High Risk,1,1,1,943336,990000,990000,0,0,0,0,0,0,0,0,0,0,0yrs 10mon,0yrs 10mon,2,0
586693,47849,73981,65.56,20,22882,86,6188,04.08.1979,Salaried,18.10.2018,5,385,1,1,0,0,0,0,16,Not Scored: No Activity seen on the customer (Inactive),3,2,0,13656,21839,21839,0,0,0,0,0,0,3807,0,2,0,1yrs 3mon,3yrs 7mon,0,1
564191,47645,73518,65.97,20,13931,45,6184,03.08.1974,Self employed,09.10.2018,5,385,1,1,0,0,0,0,0,No Bureau History Available,0,0,0,0,0,0,0,0,0,0,0,0,0,0,0,0,0yrs 0mon,0yrs 0mon,0,0
438241,58259,86000,69.77,20,18633,145,6181,04.08.1964,Self employed,14.08.2018,5,385,1,1,0,0,0,0,0,No Bureau History Available,0,0,0,0,0,0,0,0,0,0,0,0,0,0,0,0,0yrs 0mon,0yrs 0mon,0,1
614057,61947,99568,63.27,20,22882,86,6181,01.01.1958,Self employed,24.10.2018,5,385,1,1,0,0,0,0,0,No Bureau History Available,0,0,0,0,0,0,0,0,0,0,0,0,0,0,0,0,0yrs 0mon,0yrs 0mon,0,1
547994,49578,66530,75.91,20,22882,86,6247,05.04.1985,Self employed,29.09.2018,5,385,1,1,0,0,0,0,0,No Bureau History Available,0,0,0,0,0,0,0,0,0,0,0,0,0,0,0,0,0yrs 0mon,0yrs 0mon,0,0
453699,45849,59635,79.65,20,22882,86,6181,01.01.1963,Self employed,21.08.2018,5,385,1,1,0,0,0,0,300,M-Very High Risk,4,3,1,58278,85000,85000,0,0,0,0,0,0,7050,0,2,0,0yrs 10mon,1yrs 11mon,2,0
455897,44481,65726,69.68,20,22882,86,6181,03.04.1981,Self employed,22.08.2018,5,385,1,1,0,0,0,0,300,M-Very High Risk,11,2,1,99956,195000,195000,0,0,0,0,0,0,78821,0,0,0,1yrs 5mon,3yrs 9mon,0,1
648524,67919,99568,69.8,20,22882,86,6182,01.01.1990,Self employed,31.10.2018,5,385,1,1,0,0,0,0,0,No Bureau History Available,0,0,0,0,0,0,0,0,0,0,0,0,0,0,0,0,0yrs 0mon,0yrs 0mon,0,0
568333,54303,73537,74.79,20,22882,86,6182,01.04.1997,Self employed,11.10.2018,5,385,1,1,0,0,0,0,0,No Bureau History Available,0,0,0,0,0,0,0,0,0,0,0,0,0,0,0,0,0yrs 0mon,0yrs 0mon,0,1
647248,54078,69013,79.7,20,22882,86,6182,04.08.1981,Self employed,31.10.2018,5,385,1,1,0,0,0,0,0,No Bureau History Available,0,0,0,0,0,0,0,0,0,0,0,0,0,0,0,0,0yrs 0mon,0yrs 0mon,0,1
623398,42644,69013,63.76,20,22882,86,6182,01.01.1970,Self employed,26.10.2018,5,385,1,1,0,0,0,0,642,G-Low Risk,5,3,0,178118,217000,217000,0,0,0,0,0,0,2679,0,0,0,4yrs 1mon,7yrs 1mon,0,0
560781,52077,70147,75.56,20,22852,45,6182,07.04.1968,Salaried,06.10.2018,5,385,1,1,0,0,0,0,616,H-Medium Risk,8,3,0,1481342,1603250,1603250,0,0,0,0,0,0,23926,0,1,1,1yrs 7mon,4yrs 1mon,0,0
421075,37639,63455,63.04,20,22882,86,6180,01.08.1982,Self employed,04.08.2018,5,385,1,1,0,0,0,0,655,F-Low Risk,2,1,0,16979,120000,120000,0,0,0,0,0,0,0,0,0,0,3yrs 7mon,5yrs 0mon,0,0
628973,38939,49690,79.49,20,15212,51,6184,04.05.1982,Self employed,27.10.2018,5,385,1,1,0,0,0,0,0,No Bureau History Available,0,0,0,0,0,0,0,0,0,0,0,0,0,0,0,0,0yrs 0mon,0yrs 0mon,0,0
430695,29525,67082,46.06,20,22882,86,6181,03.03.1972,Self employed,10.08.2018,5,385,1,1,0,0,0,0,585,I-Medium Risk,1,0,0,0,0,0,0,0,0,0,0,0,2094,0,0,0,2yrs 6mon,2yrs 6mon,0,0
609273,80386,126082,64.8,20,15212,51,6192,03.04.1997,Salaried,23.10.2018,5,385,1,1,0,0,0,0,0,No Bureau History Available,0,0,0,0,0,0,0,0,0,0,0,0,0,0,0,0,0yrs 0mon,0yrs 0mon,1,0
480359,60213,82560,75.1,20,22882,86,6180,02.07.1966,Salaried,31.08.2018,5,385,1,1,0,0,0,0,694,E-Low Risk,11,6,0,1086661,1343419,1343419,0,0,0,0,0,0,20938,0,3,0,1yrs 6mon,5yrs 11mon,0,1
440872,55013,63455,89.83,20,22882,86,6180,03.06.1992,Salaried,16.08.2018,5,385,1,1,0,0,0,0,0,No Bureau History Available,0,0,0,0,0,0,0,0,0,0,0,0,0,0,0,0,0yrs 0mon,0yrs 0mon,0,0
521650,39194,66782,61.39,20,22852,45,6184,28.05.1989,Self employed,20.09.2018,5,385,1,1,0,0,0,0,362,K-High Risk,1,1,1,52210,50000,50000,0,0,0,0,0,0,0,0,0,1,1yrs 9mon,1yrs 9mon,0,0
446053,50678,82560,63.71,20,22882,86,6182,03.06.1980,Self employed,17.08.2018,5,385,1,1,0,0,0,0,635,G-Low Risk,2,2,0,99768,98000,98000,0,0,0,0,0,0,60000,0,1,0,0yrs 2mon,0yrs 4mon,0,1
654107,54303,70593,77.91,20,22882,86,6233,04.08.1959,Self employed,31.10.2018,5,385,1,1,0,0,0,0,0,No Bureau History Available,0,0,0,0,0,0,0,0,0,0,0,0,0,0,0,0,0yrs 0mon,0yrs 0mon,0,1
561106,14740,87965,17.???,20,22882,86,6199,12.03.1982,Salaried,08.10.2018,5,385,1,1,0,0,0,0,0,No Bureau History Available,0,0,0,0,0,0,0,0,0,0,0,0,0,0,0,0,0yrs 0mon,0yrs 0mon,0,0
